replicate_name	sample_name	read1	read2
1-2389_S1	1	1-2389_S1_R1_001.fastq.gz	1-2389_S1_R2_001.fastq.gz
1-2478_S1	1	1-2478_S1_R1_001.fastq.gz	1-2478_S1_R2_001.fastq.gz
1-A01-2537_S1	1	1-A01-2537_S1_R1_001.fastq.gz	1-A01-2537_S1_R2_001.fastq.gz
1-A01_S1	1	1-A01_S1_R1_001.fastq.gz	1-A01_S1_R2_001.fastq.gz
10-2068-2_S41	10	10-2068-2_S41_R1_001.fastq.gz	10-2068-2_S41_R2_001.fastq.gz
10-2068-3_S40	10	10-2068-3_S40_R1_001.fastq.gz	10-2068-3_S40_R2_001.fastq.gz
10-2068_S41	10	10-2068_S41_R1_001.fastq.gz	10-2068_S41_R2_001.fastq.gz
10-A06_S6	10	10-A06_S6_R1_001.fastq.gz	10-A06_S6_R2_001.fastq.gz
100-2068-2_S43	100	100-2068-2_S43_R1_001.fastq.gz	100-2068-2_S43_R2_001.fastq.gz
100-2068-3_S42	100	100-2068-3_S42_R1_001.fastq.gz	100-2068-3_S42_R2_001.fastq.gz
100-2068_S43	100	100-2068_S43_R1_001.fastq.gz	100-2068_S43_R2_001.fastq.gz
100-C06_S29	100	100-C06_S29_R1_001.fastq.gz	100-C06_S29_R2_001.fastq.gz
101-2389_S35	101	101-2389_S35_R1_001.fastq.gz	101-2389_S35_R2_001.fastq.gz
101-2478_S35	101	101-2478_S35_R1_001.fastq.gz	101-2478_S35_R2_001.fastq.gz
101-C11-2537_S35	101	101-C11-2537_S35_R1_001.fastq.gz	101-C11-2537_S35_R2_001.fastq.gz
101-C11_S35	101	101-C11_S35_R1_001.fastq.gz	101-C11_S35_R2_001.fastq.gz
102-2389_S36	102	102-2389_S36_R1_001.fastq.gz	102-2389_S36_R2_001.fastq.gz
102-2478_S36	102	102-2478_S36_R1_001.fastq.gz	102-2478_S36_R2_001.fastq.gz
102-C12-2537_S36	102	102-C12-2537_S36_R1_001.fastq.gz	102-C12-2537_S36_R2_001.fastq.gz
102-C12_S36	102	102-C12_S36_R1_001.fastq.gz	102-C12_S36_R2_001.fastq.gz
103-2389_S37	103	103-2389_S37_R1_001.fastq.gz	103-2389_S37_R2_001.fastq.gz
103-2478_S37	103	103-2478_S37_R1_001.fastq.gz	103-2478_S37_R2_001.fastq.gz
103-D01-2537_S37	103	103-D01-2537_S37_R1_001.fastq.gz	103-D01-2537_S37_R2_001.fastq.gz
103-D01_S37	103	103-D01_S37_R1_001.fastq.gz	103-D01_S37_R2_001.fastq.gz
106-2068-2_S51	106	106-2068-2_S51_R1_001.fastq.gz	106-2068-2_S51_R2_001.fastq.gz
106-2068-3_S50	106	106-2068-3_S50_R1_001.fastq.gz	106-2068-3_S50_R2_001.fastq.gz
106-2068_S51	106	106-2068_S51_R1_001.fastq.gz	106-2068_S51_R2_001.fastq.gz
106-C07_S30	106	106-C07_S30_R1_001.fastq.gz	106-C07_S30_R2_001.fastq.gz
107-2383_S21	107	107-2383_S21_R1_001.fastq.gz	107-2383_S21_R2_001.fastq.gz
107-2536_S21	107	107-2536_S21_R1_001.fastq.gz	107-2536_S21_R2_001.fastq.gz
107-2543_S20	107	107-2543_S20_R1_001.fastq.gz	107-2543_S20_R2_001.fastq.gz
107-2607_S20	107	107-2607_S20_R1_001.fastq.gz	107-2607_S20_R2_001.fastq.gz
108-2068-2_S59	108	108-2068-2_S59_R1_001.fastq.gz	108-2068-2_S59_R2_001.fastq.gz
108-2068-3_S58	108	108-2068-3_S58_R1_001.fastq.gz	108-2068-3_S58_R2_001.fastq.gz
108-2068_S59	108	108-2068_S59_R1_001.fastq.gz	108-2068_S59_R2_001.fastq.gz
108-C08_S31	108	108-C08_S31_R1_001.fastq.gz	108-C08_S31_R2_001.fastq.gz
109-2389_S38	109	109-2389_S38_R1_001.fastq.gz	109-2389_S38_R2_001.fastq.gz
109-2478_S38	109	109-2478_S38_R1_001.fastq.gz	109-2478_S38_R2_001.fastq.gz
109-D02-2537_S38	109	109-D02-2537_S38_R1_001.fastq.gz	109-D02-2537_S38_R2_001.fastq.gz
109-D02_S38	109	109-D02_S38_R1_001.fastq.gz	109-D02_S38_R2_001.fastq.gz
11-2389_S4	11	11-2389_S4_R1_001.fastq.gz	11-2389_S4_R2_001.fastq.gz
11-2478_S4	11	11-2478_S4_R1_001.fastq.gz	11-2478_S4_R2_001.fastq.gz
11-A04-2537_S4	11	11-A04-2537_S4_R1_001.fastq.gz	11-A04-2537_S4_R2_001.fastq.gz
11-A04_S4	11	11-A04_S4_R1_001.fastq.gz	11-A04_S4_R2_001.fastq.gz
110-2068-2_S67	110	110-2068-2_S67_R1_001.fastq.gz	110-2068-2_S67_R2_001.fastq.gz
110-2068-3_S66	110	110-2068-3_S66_R1_001.fastq.gz	110-2068-3_S66_R2_001.fastq.gz
110-2068_S67	110	110-2068_S67_R1_001.fastq.gz	110-2068_S67_R2_001.fastq.gz
110-C09_S32	110	110-C09_S32_R1_001.fastq.gz	110-C09_S32_R2_001.fastq.gz
112-2068-2_S75	112	112-2068-2_S75_R1_001.fastq.gz	112-2068-2_S75_R2_001.fastq.gz
112-2068-3_S74	112	112-2068-3_S74_R1_001.fastq.gz	112-2068-3_S74_R2_001.fastq.gz
112-2068_S75	112	112-2068_S75_R1_001.fastq.gz	112-2068_S75_R2_001.fastq.gz
112-C10_S33	112	112-C10_S33_R1_001.fastq.gz	112-C10_S33_R2_001.fastq.gz
113-2068-2_S83	113	113-2068-2_S83_R1_001.fastq.gz	113-2068-2_S83_R2_001.fastq.gz
113-2068-3_S82	113	113-2068-3_S82_R1_001.fastq.gz	113-2068-3_S82_R2_001.fastq.gz
113-2068_S83	113	113-2068_S83_R1_001.fastq.gz	113-2068_S83_R2_001.fastq.gz
113-C11_S34	113	113-C11_S34_R1_001.fastq.gz	113-C11_S34_R2_001.fastq.gz
114-2383_S22	114	114-2383_S22_R1_001.fastq.gz	114-2383_S22_R2_001.fastq.gz
114-2536_S22	114	114-2536_S22_R1_001.fastq.gz	114-2536_S22_R2_001.fastq.gz
114-2543_S21	114	114-2543_S21_R1_001.fastq.gz	114-2543_S21_R2_001.fastq.gz
114-2607_S21	114	114-2607_S21_R1_001.fastq.gz	114-2607_S21_R2_001.fastq.gz
115-2389_S39	115	115-2389_S39_R1_001.fastq.gz	115-2389_S39_R2_001.fastq.gz
115-2478_S39	115	115-2478_S39_R1_001.fastq.gz	115-2478_S39_R2_001.fastq.gz
115-D03-2537_S39	115	115-D03-2537_S39_R1_001.fastq.gz	115-D03-2537_S39_R2_001.fastq.gz
115-D03_S39	115	115-D03_S39_R1_001.fastq.gz	115-D03_S39_R2_001.fastq.gz
116-2068-2_S91	116	116-2068-2_S91_R1_001.fastq.gz	116-2068-2_S91_R2_001.fastq.gz
116-2068-3_S90	116	116-2068-3_S90_R1_001.fastq.gz	116-2068-3_S90_R2_001.fastq.gz
116-2068_S91	116	116-2068_S91_R1_001.fastq.gz	116-2068_S91_R2_001.fastq.gz
116-C12_S35	116	116-C12_S35_R1_001.fastq.gz	116-C12_S35_R2_001.fastq.gz
117-2068-2_S4	117	117-2068-2_S4_R1_001.fastq.gz	117-2068-2_S4_R2_001.fastq.gz
117-2068-3_S4	117	117-2068-3_S4_R1_001.fastq.gz	117-2068-3_S4_R2_001.fastq.gz
117-2068_S4	117	117-2068_S4_R1_001.fastq.gz	117-2068_S4_R2_001.fastq.gz
117-D01_S36	117	117-D01_S36_R1_001.fastq.gz	117-D01_S36_R2_001.fastq.gz
119-2068-2_S12	119	119-2068-2_S12_R1_001.fastq.gz	119-2068-2_S12_R2_001.fastq.gz
119-2068-3_S12	119	119-2068-3_S12_R1_001.fastq.gz	119-2068-3_S12_R2_001.fastq.gz
119-2068_S12	119	119-2068_S12_R1_001.fastq.gz	119-2068_S12_R2_001.fastq.gz
119-D02_S37	119	119-D02_S37_R1_001.fastq.gz	119-D02_S37_R2_001.fastq.gz
12-2389_S5	12	12-2389_S5_R1_001.fastq.gz	12-2389_S5_R2_001.fastq.gz
12-2478_S5	12	12-2478_S5_R1_001.fastq.gz	12-2478_S5_R2_001.fastq.gz
12-A05-2537_S5	12	12-A05-2537_S5_R1_001.fastq.gz	12-A05-2537_S5_R2_001.fastq.gz
12-A05_S5	12	12-A05_S5_R1_001.fastq.gz	12-A05_S5_R2_001.fastq.gz
120-2068-2_S20	120	120-2068-2_S20_R1_001.fastq.gz	120-2068-2_S20_R2_001.fastq.gz
120-2068-3_S20	120	120-2068-3_S20_R1_001.fastq.gz	120-2068-3_S20_R2_001.fastq.gz
120-2068_S20	120	120-2068_S20_R1_001.fastq.gz	120-2068_S20_R2_001.fastq.gz
120-D03_S38	120	120-D03_S38_R1_001.fastq.gz	120-D03_S38_R2_001.fastq.gz
122-2068-2_S28	122	122-2068-2_S28_R1_001.fastq.gz	122-2068-2_S28_R2_001.fastq.gz
122-2068-3_S28	122	122-2068-3_S28_R1_001.fastq.gz	122-2068-3_S28_R2_001.fastq.gz
122-2068_S28	122	122-2068_S28_R1_001.fastq.gz	122-2068_S28_R2_001.fastq.gz
122-D04_S39	122	122-D04_S39_R1_001.fastq.gz	122-D04_S39_R2_001.fastq.gz
124-2383_S23	124	124-2383_S23_R1_001.fastq.gz	124-2383_S23_R2_001.fastq.gz
124-2536_S23	124	124-2536_S23_R1_001.fastq.gz	124-2536_S23_R2_001.fastq.gz
124-2543_S22	124	124-2543_S22_R1_001.fastq.gz	124-2543_S22_R2_001.fastq.gz
124-2607_S22	124	124-2607_S22_R1_001.fastq.gz	124-2607_S22_R2_001.fastq.gz
125-2389_S40	125	125-2389_S40_R1_001.fastq.gz	125-2389_S40_R2_001.fastq.gz
125-2478_S40	125	125-2478_S40_R1_001.fastq.gz	125-2478_S40_R2_001.fastq.gz
125-D04-2537_S40	125	125-D04-2537_S40_R1_001.fastq.gz	125-D04-2537_S40_R2_001.fastq.gz
125-D04_S40	125	125-D04_S40_R1_001.fastq.gz	125-D04_S40_R2_001.fastq.gz
126-2389_S41	126	126-2389_S41_R1_001.fastq.gz	126-2389_S41_R2_001.fastq.gz
126-2478_S41	126	126-2478_S41_R1_001.fastq.gz	126-2478_S41_R2_001.fastq.gz
126-D05-2537_S41	126	126-D05-2537_S41_R1_001.fastq.gz	126-D05-2537_S41_R2_001.fastq.gz
126-D05_S41	126	126-D05_S41_R1_001.fastq.gz	126-D05_S41_R2_001.fastq.gz
127-2068-2_S36	127	127-2068-2_S36_R1_001.fastq.gz	127-2068-2_S36_R2_001.fastq.gz
127-2068-3_S35	127	127-2068-3_S35_R1_001.fastq.gz	127-2068-3_S35_R2_001.fastq.gz
127-2068_S36	127	127-2068_S36_R1_001.fastq.gz	127-2068_S36_R2_001.fastq.gz
127-D05_S40	127	127-D05_S40_R1_001.fastq.gz	127-D05_S40_R2_001.fastq.gz
128-2068-2_S44	128	128-2068-2_S44_R1_001.fastq.gz	128-2068-2_S44_R2_001.fastq.gz
128-2068-3_S43	128	128-2068-3_S43_R1_001.fastq.gz	128-2068-3_S43_R2_001.fastq.gz
128-2068_S44	128	128-2068_S44_R1_001.fastq.gz	128-2068_S44_R2_001.fastq.gz
128-D06_S41	128	128-D06_S41_R1_001.fastq.gz	128-D06_S41_R2_001.fastq.gz
129-2068-2_S52	129	129-2068-2_S52_R1_001.fastq.gz	129-2068-2_S52_R2_001.fastq.gz
129-2068-3_S51	129	129-2068-3_S51_R1_001.fastq.gz	129-2068-3_S51_R2_001.fastq.gz
129-2068_S52	129	129-2068_S52_R1_001.fastq.gz	129-2068_S52_R2_001.fastq.gz
129-D07_S42	129	129-D07_S42_R1_001.fastq.gz	129-D07_S42_R2_001.fastq.gz
13-2389_S6	13	13-2389_S6_R1_001.fastq.gz	13-2389_S6_R2_001.fastq.gz
13-2478_S6	13	13-2478_S6_R1_001.fastq.gz	13-2478_S6_R2_001.fastq.gz
13-A06-2537_S6	13	13-A06-2537_S6_R1_001.fastq.gz	13-A06-2537_S6_R2_001.fastq.gz
13-A06_S6	13	13-A06_S6_R1_001.fastq.gz	13-A06_S6_R2_001.fastq.gz
130-2383_S24	130	130-2383_S24_R1_001.fastq.gz	130-2383_S24_R2_001.fastq.gz
130-2536_S24	130	130-2536_S24_R1_001.fastq.gz	130-2536_S24_R2_001.fastq.gz
130-2543_S23	130	130-2543_S23_R1_001.fastq.gz	130-2543_S23_R2_001.fastq.gz
130-2607_S23	130	130-2607_S23_R1_001.fastq.gz	130-2607_S23_R2_001.fastq.gz
131-2068-2_S60	131	131-2068-2_S60_R1_001.fastq.gz	131-2068-2_S60_R2_001.fastq.gz
131-2068-3_S59	131	131-2068-3_S59_R1_001.fastq.gz	131-2068-3_S59_R2_001.fastq.gz
131-2068_S60	131	131-2068_S60_R1_001.fastq.gz	131-2068_S60_R2_001.fastq.gz
131-D08_S43	131	131-D08_S43_R1_001.fastq.gz	131-D08_S43_R2_001.fastq.gz
133-2068-2_S68	133	133-2068-2_S68_R1_001.fastq.gz	133-2068-2_S68_R2_001.fastq.gz
133-2068-3_S67	133	133-2068-3_S67_R1_001.fastq.gz	133-2068-3_S67_R2_001.fastq.gz
133-2068_S68	133	133-2068_S68_R1_001.fastq.gz	133-2068_S68_R2_001.fastq.gz
133-D09_S44	133	133-D09_S44_R1_001.fastq.gz	133-D09_S44_R2_001.fastq.gz
135-2068-2_S76	135	135-2068-2_S76_R1_001.fastq.gz	135-2068-2_S76_R2_001.fastq.gz
135-2068-3_S75	135	135-2068-3_S75_R1_001.fastq.gz	135-2068-3_S75_R2_001.fastq.gz
135-2068_S76	135	135-2068_S76_R1_001.fastq.gz	135-2068_S76_R2_001.fastq.gz
135-D10_S45	135	135-D10_S45_R1_001.fastq.gz	135-D10_S45_R2_001.fastq.gz
138-2068-2_S84	138	138-2068-2_S84_R1_001.fastq.gz	138-2068-2_S84_R2_001.fastq.gz
138-2068-3_S83	138	138-2068-3_S83_R1_001.fastq.gz	138-2068-3_S83_R2_001.fastq.gz
138-2068_S84	138	138-2068_S84_R1_001.fastq.gz	138-2068_S84_R2_001.fastq.gz
138-D11_S46	138	138-D11_S46_R1_001.fastq.gz	138-D11_S46_R2_001.fastq.gz
139-2383_S25	139	139-2383_S25_R1_001.fastq.gz	139-2383_S25_R2_001.fastq.gz
139-2536_S25	139	139-2536_S25_R1_001.fastq.gz	139-2536_S25_R2_001.fastq.gz
139-2543_S24	139	139-2543_S24_R1_001.fastq.gz	139-2543_S24_R2_001.fastq.gz
139-2607_S24	139	139-2607_S24_R1_001.fastq.gz	139-2607_S24_R2_001.fastq.gz
140-2068-2_S92	140	140-2068-2_S92_R1_001.fastq.gz	140-2068-2_S92_R2_001.fastq.gz
140-2068-3_S91	140	140-2068-3_S91_R1_001.fastq.gz	140-2068-3_S91_R2_001.fastq.gz
140-2068_S92	140	140-2068_S92_R1_001.fastq.gz	140-2068_S92_R2_001.fastq.gz
140-D12_S47	140	140-D12_S47_R1_001.fastq.gz	140-D12_S47_R2_001.fastq.gz
141-2383_S26	141	141-2383_S26_R1_001.fastq.gz	141-2383_S26_R2_001.fastq.gz
141-2536_S26	141	141-2536_S26_R1_001.fastq.gz	141-2536_S26_R2_001.fastq.gz
141-2543_S25	141	141-2543_S25_R1_001.fastq.gz	141-2543_S25_R2_001.fastq.gz
141-2607_S25	141	141-2607_S25_R1_001.fastq.gz	141-2607_S25_R2_001.fastq.gz
142-2068-2_S5	142	142-2068-2_S5_R1_001.fastq.gz	142-2068-2_S5_R2_001.fastq.gz
142-2068-3_S5	142	142-2068-3_S5_R1_001.fastq.gz	142-2068-3_S5_R2_001.fastq.gz
142-2068_S5	142	142-2068_S5_R1_001.fastq.gz	142-2068_S5_R2_001.fastq.gz
142-E01_S48	142	142-E01_S48_R1_001.fastq.gz	142-E01_S48_R2_001.fastq.gz
143-2068-2_S13	143	143-2068-2_S13_R1_001.fastq.gz	143-2068-2_S13_R2_001.fastq.gz
143-2068-3_S13	143	143-2068-3_S13_R1_001.fastq.gz	143-2068-3_S13_R2_001.fastq.gz
143-2068_S13	143	143-2068_S13_R1_001.fastq.gz	143-2068_S13_R2_001.fastq.gz
143-E02_S49	143	143-E02_S49_R1_001.fastq.gz	143-E02_S49_R2_001.fastq.gz
145-2068-2_S21	145	145-2068-2_S21_R1_001.fastq.gz	145-2068-2_S21_R2_001.fastq.gz
145-2068-3_S21	145	145-2068-3_S21_R1_001.fastq.gz	145-2068-3_S21_R2_001.fastq.gz
145-2068_S21	145	145-2068_S21_R1_001.fastq.gz	145-2068_S21_R2_001.fastq.gz
145-E03_S50	145	145-E03_S50_R1_001.fastq.gz	145-E03_S50_R2_001.fastq.gz
146-2383_S27	146	146-2383_S27_R1_001.fastq.gz	146-2383_S27_R2_001.fastq.gz
146-2536_S27	146	146-2536_S27_R1_001.fastq.gz	146-2536_S27_R2_001.fastq.gz
146-2543_S26	146	146-2543_S26_R1_001.fastq.gz	146-2543_S26_R2_001.fastq.gz
146-2607_S26	146	146-2607_S26_R1_001.fastq.gz	146-2607_S26_R2_001.fastq.gz
147-2068-2_S29	147	147-2068-2_S29_R1_001.fastq.gz	147-2068-2_S29_R2_001.fastq.gz
147-2068_S29	147	147-2068_S29_R1_001.fastq.gz	147-2068_S29_R2_001.fastq.gz
147-E04_S51	147	147-E04_S51_R1_001.fastq.gz	147-E04_S51_R2_001.fastq.gz
149-2389_S42	149	149-2389_S42_R1_001.fastq.gz	149-2389_S42_R2_001.fastq.gz
149-2478_S42	149	149-2478_S42_R1_001.fastq.gz	149-2478_S42_R2_001.fastq.gz
149-D06-2537_S42	149	149-D06-2537_S42_R1_001.fastq.gz	149-D06-2537_S42_R2_001.fastq.gz
149-D06_S42	149	149-D06_S42_R1_001.fastq.gz	149-D06_S42_R2_001.fastq.gz
15-2068-2_S49	15	15-2068-2_S49_R1_001.fastq.gz	15-2068-2_S49_R2_001.fastq.gz
15-2068-3_S48	15	15-2068-3_S48_R1_001.fastq.gz	15-2068-3_S48_R2_001.fastq.gz
15-2068_S49	15	15-2068_S49_R1_001.fastq.gz	15-2068_S49_R2_001.fastq.gz
15-A07_S7	15	15-A07_S7_R1_001.fastq.gz	15-A07_S7_R2_001.fastq.gz
150-2383_S28	150	150-2383_S28_R1_001.fastq.gz	150-2383_S28_R2_001.fastq.gz
150-2536_S28	150	150-2536_S28_R1_001.fastq.gz	150-2536_S28_R2_001.fastq.gz
150-2543_S27	150	150-2543_S27_R1_001.fastq.gz	150-2543_S27_R2_001.fastq.gz
150-2607_S27	150	150-2607_S27_R1_001.fastq.gz	150-2607_S27_R2_001.fastq.gz
151-2389_S43	151	151-2389_S43_R1_001.fastq.gz	151-2389_S43_R2_001.fastq.gz
151-2478_S43	151	151-2478_S43_R1_001.fastq.gz	151-2478_S43_R2_001.fastq.gz
151-D07-2537_S43	151	151-D07-2537_S43_R1_001.fastq.gz	151-D07-2537_S43_R2_001.fastq.gz
151-D07_S43	151	151-D07_S43_R1_001.fastq.gz	151-D07_S43_R2_001.fastq.gz
152-2389_S44	152	152-2389_S44_R1_001.fastq.gz	152-2389_S44_R2_001.fastq.gz
152-2478_S44	152	152-2478_S44_R1_001.fastq.gz	152-2478_S44_R2_001.fastq.gz
152-D08-2537_S44	152	152-D08-2537_S44_R1_001.fastq.gz	152-D08-2537_S44_R2_001.fastq.gz
152-D08_S44	152	152-D08_S44_R1_001.fastq.gz	152-D08_S44_R2_001.fastq.gz
153-2068-2_S37	153	153-2068-2_S37_R1_001.fastq.gz	153-2068-2_S37_R2_001.fastq.gz
153-2068-3_S36	153	153-2068-3_S36_R1_001.fastq.gz	153-2068-3_S36_R2_001.fastq.gz
153-2068_S37	153	153-2068_S37_R1_001.fastq.gz	153-2068_S37_R2_001.fastq.gz
153-E05_S52	153	153-E05_S52_R1_001.fastq.gz	153-E05_S52_R2_001.fastq.gz
154-2068-2_S45	154	154-2068-2_S45_R1_001.fastq.gz	154-2068-2_S45_R2_001.fastq.gz
154-2068-3_S44	154	154-2068-3_S44_R1_001.fastq.gz	154-2068-3_S44_R2_001.fastq.gz
154-2068_S45	154	154-2068_S45_R1_001.fastq.gz	154-2068_S45_R2_001.fastq.gz
154-E06_S53	154	154-E06_S53_R1_001.fastq.gz	154-E06_S53_R2_001.fastq.gz
155-2383_S29	155	155-2383_S29_R1_001.fastq.gz	155-2383_S29_R2_001.fastq.gz
155-2536_S29	155	155-2536_S29_R1_001.fastq.gz	155-2536_S29_R2_001.fastq.gz
155-2543_S28	155	155-2543_S28_R1_001.fastq.gz	155-2543_S28_R2_001.fastq.gz
155-2607_S28	155	155-2607_S28_R1_001.fastq.gz	155-2607_S28_R2_001.fastq.gz
156-2068-2_S53	156	156-2068-2_S53_R1_001.fastq.gz	156-2068-2_S53_R2_001.fastq.gz
156-2068-3_S52	156	156-2068-3_S52_R1_001.fastq.gz	156-2068-3_S52_R2_001.fastq.gz
156-2068_S53	156	156-2068_S53_R1_001.fastq.gz	156-2068_S53_R2_001.fastq.gz
156-E07_S54	156	156-E07_S54_R1_001.fastq.gz	156-E07_S54_R2_001.fastq.gz
157-2383_S30	157	157-2383_S30_R1_001.fastq.gz	157-2383_S30_R2_001.fastq.gz
157-2536_S30	157	157-2536_S30_R1_001.fastq.gz	157-2536_S30_R2_001.fastq.gz
157-2543_S29	157	157-2543_S29_R1_001.fastq.gz	157-2543_S29_R2_001.fastq.gz
157-2607_S29	157	157-2607_S29_R1_001.fastq.gz	157-2607_S29_R2_001.fastq.gz
158-2068-2_S61	158	158-2068-2_S61_R1_001.fastq.gz	158-2068-2_S61_R2_001.fastq.gz
158-2068-3_S60	158	158-2068-3_S60_R1_001.fastq.gz	158-2068-3_S60_R2_001.fastq.gz
158-2068_S61	158	158-2068_S61_R1_001.fastq.gz	158-2068_S61_R2_001.fastq.gz
158-E08_S55	158	158-E08_S55_R1_001.fastq.gz	158-E08_S55_R2_001.fastq.gz
159-2389_S45	159	159-2389_S45_R1_001.fastq.gz	159-2389_S45_R2_001.fastq.gz
159-2478_S45	159	159-2478_S45_R1_001.fastq.gz	159-2478_S45_R2_001.fastq.gz
159-D09-2537_S45	159	159-D09-2537_S45_R1_001.fastq.gz	159-D09-2537_S45_R2_001.fastq.gz
159-D09_S45	159	159-D09_S45_R1_001.fastq.gz	159-D09_S45_R2_001.fastq.gz
16-2389_S7	16	16-2389_S7_R1_001.fastq.gz	16-2389_S7_R2_001.fastq.gz
16-2478_S7	16	16-2478_S7_R1_001.fastq.gz	16-2478_S7_R2_001.fastq.gz
16-A07-2537_S7	16	16-A07-2537_S7_R1_001.fastq.gz	16-A07-2537_S7_R2_001.fastq.gz
16-A07_S7	16	16-A07_S7_R1_001.fastq.gz	16-A07_S7_R2_001.fastq.gz
160-2068-2_S69	160	160-2068-2_S69_R1_001.fastq.gz	160-2068-2_S69_R2_001.fastq.gz
160-2068-3_S68	160	160-2068-3_S68_R1_001.fastq.gz	160-2068-3_S68_R2_001.fastq.gz
160-2068_S69	160	160-2068_S69_R1_001.fastq.gz	160-2068_S69_R2_001.fastq.gz
160-E09_S56	160	160-E09_S56_R1_001.fastq.gz	160-E09_S56_R2_001.fastq.gz
161-2389_S46	161	161-2389_S46_R1_001.fastq.gz	161-2389_S46_R2_001.fastq.gz
161-2478_S46	161	161-2478_S46_R1_001.fastq.gz	161-2478_S46_R2_001.fastq.gz
161-D10-2537_S46	161	161-D10-2537_S46_R1_001.fastq.gz	161-D10-2537_S46_R2_001.fastq.gz
161-D10_S46	161	161-D10_S46_R1_001.fastq.gz	161-D10_S46_R2_001.fastq.gz
162-2383_S31	162	162-2383_S31_R1_001.fastq.gz	162-2383_S31_R2_001.fastq.gz
162-2536_S31	162	162-2536_S31_R1_001.fastq.gz	162-2536_S31_R2_001.fastq.gz
162-2543_S30	162	162-2543_S30_R1_001.fastq.gz	162-2543_S30_R2_001.fastq.gz
162-2607_S30	162	162-2607_S30_R1_001.fastq.gz	162-2607_S30_R2_001.fastq.gz
163-2383_S32	163	163-2383_S32_R1_001.fastq.gz	163-2383_S32_R2_001.fastq.gz
163-2536_S32	163	163-2536_S32_R1_001.fastq.gz	163-2536_S32_R2_001.fastq.gz
163-2543_S31	163	163-2543_S31_R1_001.fastq.gz	163-2543_S31_R2_001.fastq.gz
163-2607_S31	163	163-2607_S31_R1_001.fastq.gz	163-2607_S31_R2_001.fastq.gz
164-2389_S47	164	164-2389_S47_R1_001.fastq.gz	164-2389_S47_R2_001.fastq.gz
164-2478_S47	164	164-2478_S47_R1_001.fastq.gz	164-2478_S47_R2_001.fastq.gz
164-D11-2537_S47	164	164-D11-2537_S47_R1_001.fastq.gz	164-D11-2537_S47_R2_001.fastq.gz
164-D11_S47	164	164-D11_S47_R1_001.fastq.gz	164-D11_S47_R2_001.fastq.gz
165-2068-2_S77	165	165-2068-2_S77_R1_001.fastq.gz	165-2068-2_S77_R2_001.fastq.gz
165-2068-3_S76	165	165-2068-3_S76_R1_001.fastq.gz	165-2068-3_S76_R2_001.fastq.gz
165-2068_S77	165	165-2068_S77_R1_001.fastq.gz	165-2068_S77_R2_001.fastq.gz
165-E10_S57	165	165-E10_S57_R1_001.fastq.gz	165-E10_S57_R2_001.fastq.gz
166-2383_S33	166	166-2383_S33_R1_001.fastq.gz	166-2383_S33_R2_001.fastq.gz
166-2536_S33	166	166-2536_S33_R1_001.fastq.gz	166-2536_S33_R2_001.fastq.gz
166-2543_S32	166	166-2543_S32_R1_001.fastq.gz	166-2543_S32_R2_001.fastq.gz
166-2607_S32	166	166-2607_S32_R1_001.fastq.gz	166-2607_S32_R2_001.fastq.gz
167-2068-2_S85	167	167-2068-2_S85_R1_001.fastq.gz	167-2068-2_S85_R2_001.fastq.gz
167-2068-3_S84	167	167-2068-3_S84_R1_001.fastq.gz	167-2068-3_S84_R2_001.fastq.gz
167-2068_S85	167	167-2068_S85_R1_001.fastq.gz	167-2068_S85_R2_001.fastq.gz
167-E11_S58	167	167-E11_S58_R1_001.fastq.gz	167-E11_S58_R2_001.fastq.gz
168-2383_S34	168	168-2383_S34_R1_001.fastq.gz	168-2383_S34_R2_001.fastq.gz
168-2536_S34	168	168-2536_S34_R1_001.fastq.gz	168-2536_S34_R2_001.fastq.gz
168-2543_S33	168	168-2543_S33_R1_001.fastq.gz	168-2543_S33_R2_001.fastq.gz
168-2607_S33	168	168-2607_S33_R1_001.fastq.gz	168-2607_S33_R2_001.fastq.gz
17-2383_S2	17	17-2383_S2_R1_001.fastq.gz	17-2383_S2_R2_001.fastq.gz
17-2536_S2	17	17-2536_S2_R1_001.fastq.gz	17-2536_S2_R2_001.fastq.gz
17-2543_S2	17	17-2543_S2_R1_001.fastq.gz	17-2543_S2_R2_001.fastq.gz
17-2607_S2	17	17-2607_S2_R1_001.fastq.gz	17-2607_S2_R2_001.fastq.gz
170-2383_S35	170	170-2383_S35_R1_001.fastq.gz	170-2383_S35_R2_001.fastq.gz
170-2536_S35	170	170-2536_S35_R1_001.fastq.gz	170-2536_S35_R2_001.fastq.gz
170-2543_S34	170	170-2543_S34_R1_001.fastq.gz	170-2543_S34_R2_001.fastq.gz
170-2607_S34	170	170-2607_S34_R1_001.fastq.gz	170-2607_S34_R2_001.fastq.gz
172-2389_S48	172	172-2389_S48_R1_001.fastq.gz	172-2389_S48_R2_001.fastq.gz
172-2478_S48	172	172-2478_S48_R1_001.fastq.gz	172-2478_S48_R2_001.fastq.gz
172-D12-2537_S48	172	172-D12-2537_S48_R1_001.fastq.gz	172-D12-2537_S48_R2_001.fastq.gz
172-D12_S48	172	172-D12_S48_R1_001.fastq.gz	172-D12_S48_R2_001.fastq.gz
173-2383_S36	173	173-2383_S36_R1_001.fastq.gz	173-2383_S36_R2_001.fastq.gz
173-2536_S36	173	173-2536_S36_R1_001.fastq.gz	173-2536_S36_R2_001.fastq.gz
173-2543_S35	173	173-2543_S35_R1_001.fastq.gz	173-2543_S35_R2_001.fastq.gz
173-2607_S35	173	173-2607_S35_R1_001.fastq.gz	173-2607_S35_R2_001.fastq.gz
174-2389_S49	174	174-2389_S49_R1_001.fastq.gz	174-2389_S49_R2_001.fastq.gz
174-2478_S49	174	174-2478_S49_R1_001.fastq.gz	174-2478_S49_R2_001.fastq.gz
174-E01-2537_S49	174	174-E01-2537_S49_R1_001.fastq.gz	174-E01-2537_S49_R2_001.fastq.gz
174-E01_S49	174	174-E01_S49_R1_001.fastq.gz	174-E01_S49_R2_001.fastq.gz
175-2389_S50	175	175-2389_S50_R1_001.fastq.gz	175-2389_S50_R2_001.fastq.gz
175-2478_S50	175	175-2478_S50_R1_001.fastq.gz	175-2478_S50_R2_001.fastq.gz
175-E02-2537_S50	175	175-E02-2537_S50_R1_001.fastq.gz	175-E02-2537_S50_R2_001.fastq.gz
175-E02_S50	175	175-E02_S50_R1_001.fastq.gz	175-E02_S50_R2_001.fastq.gz
176-2389_S51	176	176-2389_S51_R1_001.fastq.gz	176-2389_S51_R2_001.fastq.gz
176-2478_S51	176	176-2478_S51_R1_001.fastq.gz	176-2478_S51_R2_001.fastq.gz
176-E03-2537_S51	176	176-E03-2537_S51_R1_001.fastq.gz	176-E03-2537_S51_R2_001.fastq.gz
176-E03_S51	176	176-E03_S51_R1_001.fastq.gz	176-E03_S51_R2_001.fastq.gz
177-2383_S37	177	177-2383_S37_R1_001.fastq.gz	177-2383_S37_R2_001.fastq.gz
177-2536_S37	177	177-2536_S37_R1_001.fastq.gz	177-2536_S37_R2_001.fastq.gz
177-2543_S36	177	177-2543_S36_R1_001.fastq.gz	177-2543_S36_R2_001.fastq.gz
177-2607_S36	177	177-2607_S36_R1_001.fastq.gz	177-2607_S36_R2_001.fastq.gz
178-2068-2_S93	178	178-2068-2_S93_R1_001.fastq.gz	178-2068-2_S93_R2_001.fastq.gz
178-2068-3_S92	178	178-2068-3_S92_R1_001.fastq.gz	178-2068-3_S92_R2_001.fastq.gz
178-2068_S93	178	178-2068_S93_R1_001.fastq.gz	178-2068_S93_R2_001.fastq.gz
178-E12_S59	178	178-E12_S59_R1_001.fastq.gz	178-E12_S59_R2_001.fastq.gz
179-2383_S38	179	179-2383_S38_R1_001.fastq.gz	179-2383_S38_R2_001.fastq.gz
179-2536_S38	179	179-2536_S38_R1_001.fastq.gz	179-2536_S38_R2_001.fastq.gz
179-2543_S37	179	179-2543_S37_R1_001.fastq.gz	179-2543_S37_R2_001.fastq.gz
179-2607_S37	179	179-2607_S37_R1_001.fastq.gz	179-2607_S37_R2_001.fastq.gz
18-2389_S8	18	18-2389_S8_R1_001.fastq.gz	18-2389_S8_R2_001.fastq.gz
18-2478_S8	18	18-2478_S8_R1_001.fastq.gz	18-2478_S8_R2_001.fastq.gz
18-A08-2537_S8	18	18-A08-2537_S8_R1_001.fastq.gz	18-A08-2537_S8_R2_001.fastq.gz
18-A08_S8	18	18-A08_S8_R1_001.fastq.gz	18-A08_S8_R2_001.fastq.gz
180-2068-2_S6	180	180-2068-2_S6_R1_001.fastq.gz	180-2068-2_S6_R2_001.fastq.gz
180-2068-3_S6	180	180-2068-3_S6_R1_001.fastq.gz	180-2068-3_S6_R2_001.fastq.gz
180-2068_S6	180	180-2068_S6_R1_001.fastq.gz	180-2068_S6_R2_001.fastq.gz
180-F01_S60	180	180-F01_S60_R1_001.fastq.gz	180-F01_S60_R2_001.fastq.gz
181-2383_S39	181	181-2383_S39_R1_001.fastq.gz	181-2383_S39_R2_001.fastq.gz
181-2536_S39	181	181-2536_S39_R1_001.fastq.gz	181-2536_S39_R2_001.fastq.gz
181-2543_S38	181	181-2543_S38_R1_001.fastq.gz	181-2543_S38_R2_001.fastq.gz
181-2607_S38	181	181-2607_S38_R1_001.fastq.gz	181-2607_S38_R2_001.fastq.gz
182-2383_S40	182	182-2383_S40_R1_001.fastq.gz	182-2383_S40_R2_001.fastq.gz
182-2536_S40	182	182-2536_S40_R1_001.fastq.gz	182-2536_S40_R2_001.fastq.gz
182-2543_S39	182	182-2543_S39_R1_001.fastq.gz	182-2543_S39_R2_001.fastq.gz
182-2607_S39	182	182-2607_S39_R1_001.fastq.gz	182-2607_S39_R2_001.fastq.gz
185-2389_S52	185	185-2389_S52_R1_001.fastq.gz	185-2389_S52_R2_001.fastq.gz
185-2478_S52	185	185-2478_S52_R1_001.fastq.gz	185-2478_S52_R2_001.fastq.gz
185-E04-2537_S52	185	185-E04-2537_S52_R1_001.fastq.gz	185-E04-2537_S52_R2_001.fastq.gz
185-E04_S52	185	185-E04_S52_R1_001.fastq.gz	185-E04_S52_R2_001.fastq.gz
186-2383_S41	186	186-2383_S41_R1_001.fastq.gz	186-2383_S41_R2_001.fastq.gz
186-2536_S41	186	186-2536_S41_R1_001.fastq.gz	186-2536_S41_R2_001.fastq.gz
186-2543_S40	186	186-2543_S40_R1_001.fastq.gz	186-2543_S40_R2_001.fastq.gz
186-2607_S40	186	186-2607_S40_R1_001.fastq.gz	186-2607_S40_R2_001.fastq.gz
187-2383_S42	187	187-2383_S42_R1_001.fastq.gz	187-2383_S42_R2_001.fastq.gz
187-2536_S42	187	187-2536_S42_R1_001.fastq.gz	187-2536_S42_R2_001.fastq.gz
187-2543_S41	187	187-2543_S41_R1_001.fastq.gz	187-2543_S41_R2_001.fastq.gz
187-2607_S41	187	187-2607_S41_R1_001.fastq.gz	187-2607_S41_R2_001.fastq.gz
188-2389_S53	188	188-2389_S53_R1_001.fastq.gz	188-2389_S53_R2_001.fastq.gz
188-2478_S53	188	188-2478_S53_R1_001.fastq.gz	188-2478_S53_R2_001.fastq.gz
188-E05-2537_S53	188	188-E05-2537_S53_R1_001.fastq.gz	188-E05-2537_S53_R2_001.fastq.gz
188-E05_S53	188	188-E05_S53_R1_001.fastq.gz	188-E05_S53_R2_001.fastq.gz
189-2383_S43	189	189-2383_S43_R1_001.fastq.gz	189-2383_S43_R2_001.fastq.gz
189-2536_S43	189	189-2536_S43_R1_001.fastq.gz	189-2536_S43_R2_001.fastq.gz
189-2543_S42	189	189-2543_S42_R1_001.fastq.gz	189-2543_S42_R2_001.fastq.gz
189-2607_S42	189	189-2607_S42_R1_001.fastq.gz	189-2607_S42_R2_001.fastq.gz
19-2389_S9	19	19-2389_S9_R1_001.fastq.gz	19-2389_S9_R2_001.fastq.gz
19-2478_S9	19	19-2478_S9_R1_001.fastq.gz	19-2478_S9_R2_001.fastq.gz
19-A09-2537_S9	19	19-A09-2537_S9_R1_001.fastq.gz	19-A09-2537_S9_R2_001.fastq.gz
19-A09_S9	19	19-A09_S9_R1_001.fastq.gz	19-A09_S9_R2_001.fastq.gz
191-2068-2_S14	191	191-2068-2_S14_R1_001.fastq.gz	191-2068-2_S14_R2_001.fastq.gz
191-2068-3_S14	191	191-2068-3_S14_R1_001.fastq.gz	191-2068-3_S14_R2_001.fastq.gz
191-2068_S14	191	191-2068_S14_R1_001.fastq.gz	191-2068_S14_R2_001.fastq.gz
191-F02_S61	191	191-F02_S61_R1_001.fastq.gz	191-F02_S61_R2_001.fastq.gz
192-2383_S44	192	192-2383_S44_R1_001.fastq.gz	192-2383_S44_R2_001.fastq.gz
192-2536_S44	192	192-2536_S44_R1_001.fastq.gz	192-2536_S44_R2_001.fastq.gz
192-2543_S43	192	192-2543_S43_R1_001.fastq.gz	192-2543_S43_R2_001.fastq.gz
192-2607_S43	192	192-2607_S43_R1_001.fastq.gz	192-2607_S43_R2_001.fastq.gz
193-2383_S45	193	193-2383_S45_R1_001.fastq.gz	193-2383_S45_R2_001.fastq.gz
193-2536_S45	193	193-2536_S45_R1_001.fastq.gz	193-2536_S45_R2_001.fastq.gz
193-2543_S44	193	193-2543_S44_R1_001.fastq.gz	193-2543_S44_R2_001.fastq.gz
193-2607_S44	193	193-2607_S44_R1_001.fastq.gz	193-2607_S44_R2_001.fastq.gz
194-2389_S54	194	194-2389_S54_R1_001.fastq.gz	194-2389_S54_R2_001.fastq.gz
194-2478_S54	194	194-2478_S54_R1_001.fastq.gz	194-2478_S54_R2_001.fastq.gz
194-E06-2537_S54	194	194-E06-2537_S54_R1_001.fastq.gz	194-E06-2537_S54_R2_001.fastq.gz
194-E06_S54	194	194-E06_S54_R1_001.fastq.gz	194-E06_S54_R2_001.fastq.gz
195-2068-2_S22	195	195-2068-2_S22_R1_001.fastq.gz	195-2068-2_S22_R2_001.fastq.gz
195-2068-3_S22	195	195-2068-3_S22_R1_001.fastq.gz	195-2068-3_S22_R2_001.fastq.gz
195-2068_S22	195	195-2068_S22_R1_001.fastq.gz	195-2068_S22_R2_001.fastq.gz
195-F03_S62	195	195-F03_S62_R1_001.fastq.gz	195-F03_S62_R2_001.fastq.gz
196-2068-2_S30	196	196-2068-2_S30_R1_001.fastq.gz	196-2068-2_S30_R2_001.fastq.gz
196-2068-3_S29	196	196-2068-3_S29_R1_001.fastq.gz	196-2068-3_S29_R2_001.fastq.gz
196-2068_S30	196	196-2068_S30_R1_001.fastq.gz	196-2068_S30_R2_001.fastq.gz
196-F04_S63	196	196-F04_S63_R1_001.fastq.gz	196-F04_S63_R2_001.fastq.gz
197-2383_S46	197	197-2383_S46_R1_001.fastq.gz	197-2383_S46_R2_001.fastq.gz
197-2536_S46	197	197-2536_S46_R1_001.fastq.gz	197-2536_S46_R2_001.fastq.gz
197-2543_S45	197	197-2543_S45_R1_001.fastq.gz	197-2543_S45_R2_001.fastq.gz
197-2607_S45	197	197-2607_S45_R1_001.fastq.gz	197-2607_S45_R2_001.fastq.gz
199-2383_S47	199	199-2383_S47_R1_001.fastq.gz	199-2383_S47_R2_001.fastq.gz
199-2536_S47	199	199-2536_S47_R1_001.fastq.gz	199-2536_S47_R2_001.fastq.gz
199-2543_S46	199	199-2543_S46_R1_001.fastq.gz	199-2543_S46_R2_001.fastq.gz
199-2607_S46	199	199-2607_S46_R1_001.fastq.gz	199-2607_S46_R2_001.fastq.gz
2-2068-2_S1	2	2-2068-2_S1_R1_001.fastq.gz	2-2068-2_S1_R2_001.fastq.gz
2-2068-3_S1	2	2-2068-3_S1_R1_001.fastq.gz	2-2068-3_S1_R2_001.fastq.gz
2-2068_S1	2	2-2068_S1_R1_001.fastq.gz	2-2068_S1_R2_001.fastq.gz
2-A01_S1	2	2-A01_S1_R1_001.fastq.gz	2-A01_S1_R2_001.fastq.gz
20-2383_S3	20	20-2383_S3_R1_001.fastq.gz	20-2383_S3_R2_001.fastq.gz
20-2536_S3	20	20-2536_S3_R1_001.fastq.gz	20-2536_S3_R2_001.fastq.gz
20-2543_S3	20	20-2543_S3_R1_001.fastq.gz	20-2543_S3_R2_001.fastq.gz
20-2607_S3	20	20-2607_S3_R1_001.fastq.gz	20-2607_S3_R2_001.fastq.gz
200-2383_S48	200	200-2383_S48_R1_001.fastq.gz	200-2383_S48_R2_001.fastq.gz
200-2536_S48	200	200-2536_S48_R1_001.fastq.gz	200-2536_S48_R2_001.fastq.gz
200-2543_S47	200	200-2543_S47_R1_001.fastq.gz	200-2543_S47_R2_001.fastq.gz
200-2607_S47	200	200-2607_S47_R1_001.fastq.gz	200-2607_S47_R2_001.fastq.gz
201-2383_S49	201	201-2383_S49_R1_001.fastq.gz	201-2383_S49_R2_001.fastq.gz
201-2536_S49	201	201-2536_S49_R1_001.fastq.gz	201-2536_S49_R2_001.fastq.gz
201-2543_S48	201	201-2543_S48_R1_001.fastq.gz	201-2543_S48_R2_001.fastq.gz
201-2607_S48	201	201-2607_S48_R1_001.fastq.gz	201-2607_S48_R2_001.fastq.gz
202-2383_S50	202	202-2383_S50_R1_001.fastq.gz	202-2383_S50_R2_001.fastq.gz
202-2536_S50	202	202-2536_S50_R1_001.fastq.gz	202-2536_S50_R2_001.fastq.gz
202-2543_S49	202	202-2543_S49_R1_001.fastq.gz	202-2543_S49_R2_001.fastq.gz
202-2607_S49	202	202-2607_S49_R1_001.fastq.gz	202-2607_S49_R2_001.fastq.gz
203-2068-2_S38	203	203-2068-2_S38_R1_001.fastq.gz	203-2068-2_S38_R2_001.fastq.gz
203-2068-3_S37	203	203-2068-3_S37_R1_001.fastq.gz	203-2068-3_S37_R2_001.fastq.gz
203-2068_S38	203	203-2068_S38_R1_001.fastq.gz	203-2068_S38_R2_001.fastq.gz
203-F05_S64	203	203-F05_S64_R1_001.fastq.gz	203-F05_S64_R2_001.fastq.gz
204-2389_S55	204	204-2389_S55_R1_001.fastq.gz	204-2389_S55_R2_001.fastq.gz
204-2478_S55	204	204-2478_S55_R1_001.fastq.gz	204-2478_S55_R2_001.fastq.gz
204-E07-2537_S55	204	204-E07-2537_S55_R1_001.fastq.gz	204-E07-2537_S55_R2_001.fastq.gz
204-E07_S55	204	204-E07_S55_R1_001.fastq.gz	204-E07_S55_R2_001.fastq.gz
207-2389_S56	207	207-2389_S56_R1_001.fastq.gz	207-2389_S56_R2_001.fastq.gz
207-2478_S56	207	207-2478_S56_R1_001.fastq.gz	207-2478_S56_R2_001.fastq.gz
207-E08-2537_S56	207	207-E08-2537_S56_R1_001.fastq.gz	207-E08-2537_S56_R2_001.fastq.gz
207-E08_S56	207	207-E08_S56_R1_001.fastq.gz	207-E08_S56_R2_001.fastq.gz
208-2389_S57	208	208-2389_S57_R1_001.fastq.gz	208-2389_S57_R2_001.fastq.gz
208-2478_S57	208	208-2478_S57_R1_001.fastq.gz	208-2478_S57_R2_001.fastq.gz
208-E09-2537_S57	208	208-E09-2537_S57_R1_001.fastq.gz	208-E09-2537_S57_R2_001.fastq.gz
208-E09_S57	208	208-E09_S57_R1_001.fastq.gz	208-E09_S57_R2_001.fastq.gz
21-2389_S10	21	21-2389_S10_R1_001.fastq.gz	21-2389_S10_R2_001.fastq.gz
21-2478_S10	21	21-2478_S10_R1_001.fastq.gz	21-2478_S10_R2_001.fastq.gz
21-A10-2537_S10	21	21-A10-2537_S10_R1_001.fastq.gz	21-A10-2537_S10_R2_001.fastq.gz
21-A10_S10	21	21-A10_S10_R1_001.fastq.gz	21-A10_S10_R2_001.fastq.gz
211-2389_S58	211	211-2389_S58_R1_001.fastq.gz	211-2389_S58_R2_001.fastq.gz
211-2478_S58	211	211-2478_S58_R1_001.fastq.gz	211-2478_S58_R2_001.fastq.gz
211-E10-2537_S58	211	211-E10-2537_S58_R1_001.fastq.gz	211-E10-2537_S58_R2_001.fastq.gz
211-E10_S58	211	211-E10_S58_R1_001.fastq.gz	211-E10_S58_R2_001.fastq.gz
213-2383_S51	213	213-2383_S51_R1_001.fastq.gz	213-2383_S51_R2_001.fastq.gz
213-2536_S51	213	213-2536_S51_R1_001.fastq.gz	213-2536_S51_R2_001.fastq.gz
213-2543_S50	213	213-2543_S50_R1_001.fastq.gz	213-2543_S50_R2_001.fastq.gz
213-2607_S50	213	213-2607_S50_R1_001.fastq.gz	213-2607_S50_R2_001.fastq.gz
215-2068-2_S46	215	215-2068-2_S46_R1_001.fastq.gz	215-2068-2_S46_R2_001.fastq.gz
215-2068-3_S45	215	215-2068-3_S45_R1_001.fastq.gz	215-2068-3_S45_R2_001.fastq.gz
215-2068_S46	215	215-2068_S46_R1_001.fastq.gz	215-2068_S46_R2_001.fastq.gz
215-F06_S65	215	215-F06_S65_R1_001.fastq.gz	215-F06_S65_R2_001.fastq.gz
216-2383_S52	216	216-2383_S52_R1_001.fastq.gz	216-2383_S52_R2_001.fastq.gz
216-2536_S52	216	216-2536_S52_R1_001.fastq.gz	216-2536_S52_R2_001.fastq.gz
216-2543_S51	216	216-2543_S51_R1_001.fastq.gz	216-2543_S51_R2_001.fastq.gz
216-2607_S51	216	216-2607_S51_R1_001.fastq.gz	216-2607_S51_R2_001.fastq.gz
219-2383_S53	219	219-2383_S53_R1_001.fastq.gz	219-2383_S53_R2_001.fastq.gz
219-2536_S53	219	219-2536_S53_R1_001.fastq.gz	219-2536_S53_R2_001.fastq.gz
219-2543_S52	219	219-2543_S52_R1_001.fastq.gz	219-2543_S52_R2_001.fastq.gz
219-2607_S52	219	219-2607_S52_R1_001.fastq.gz	219-2607_S52_R2_001.fastq.gz
22-2383_S4	22	22-2383_S4_R1_001.fastq.gz	22-2383_S4_R2_001.fastq.gz
22-2536_S4	22	22-2536_S4_R1_001.fastq.gz	22-2536_S4_R2_001.fastq.gz
22-2543_S4	22	22-2543_S4_R1_001.fastq.gz	22-2543_S4_R2_001.fastq.gz
22-2607_S4	22	22-2607_S4_R1_001.fastq.gz	22-2607_S4_R2_001.fastq.gz
221-2068-2_S54	221	221-2068-2_S54_R1_001.fastq.gz	221-2068-2_S54_R2_001.fastq.gz
221-2068-3_S53	221	221-2068-3_S53_R1_001.fastq.gz	221-2068-3_S53_R2_001.fastq.gz
221-2068_S54	221	221-2068_S54_R1_001.fastq.gz	221-2068_S54_R2_001.fastq.gz
221-F07_S66	221	221-F07_S66_R1_001.fastq.gz	221-F07_S66_R2_001.fastq.gz
223-2383_S54	223	223-2383_S54_R1_001.fastq.gz	223-2383_S54_R2_001.fastq.gz
223-2536_S54	223	223-2536_S54_R1_001.fastq.gz	223-2536_S54_R2_001.fastq.gz
223-2543_S53	223	223-2543_S53_R1_001.fastq.gz	223-2543_S53_R2_001.fastq.gz
223-2607_S53	223	223-2607_S53_R1_001.fastq.gz	223-2607_S53_R2_001.fastq.gz
224-2383_S55	224	224-2383_S55_R1_001.fastq.gz	224-2383_S55_R2_001.fastq.gz
224-2536_S55	224	224-2536_S55_R1_001.fastq.gz	224-2536_S55_R2_001.fastq.gz
224-2543_S54	224	224-2543_S54_R1_001.fastq.gz	224-2543_S54_R2_001.fastq.gz
224-2607_S54	224	224-2607_S54_R1_001.fastq.gz	224-2607_S54_R2_001.fastq.gz
226-2383_S56	226	226-2383_S56_R1_001.fastq.gz	226-2383_S56_R2_001.fastq.gz
226-2536_S56	226	226-2536_S56_R1_001.fastq.gz	226-2536_S56_R2_001.fastq.gz
226-2543_S55	226	226-2543_S55_R1_001.fastq.gz	226-2543_S55_R2_001.fastq.gz
226-2607_S55	226	226-2607_S55_R1_001.fastq.gz	226-2607_S55_R2_001.fastq.gz
227-2389_S59	227	227-2389_S59_R1_001.fastq.gz	227-2389_S59_R2_001.fastq.gz
227-2478_S59	227	227-2478_S59_R1_001.fastq.gz	227-2478_S59_R2_001.fastq.gz
227-E11-2537_S59	227	227-E11-2537_S59_R1_001.fastq.gz	227-E11-2537_S59_R2_001.fastq.gz
227-E11_S59	227	227-E11_S59_R1_001.fastq.gz	227-E11_S59_R2_001.fastq.gz
228-2389_S60	228	228-2389_S60_R1_001.fastq.gz	228-2389_S60_R2_001.fastq.gz
228-2478_S60	228	228-2478_S60_R1_001.fastq.gz	228-2478_S60_R2_001.fastq.gz
228-E12-2537_S60	228	228-E12-2537_S60_R1_001.fastq.gz	228-E12-2537_S60_R2_001.fastq.gz
228-E12_S60	228	228-E12_S60_R1_001.fastq.gz	228-E12_S60_R2_001.fastq.gz
229-2389_S61	229	229-2389_S61_R1_001.fastq.gz	229-2389_S61_R2_001.fastq.gz
229-2478_S61	229	229-2478_S61_R1_001.fastq.gz	229-2478_S61_R2_001.fastq.gz
229-F01-2537_S61	229	229-F01-2537_S61_R1_001.fastq.gz	229-F01-2537_S61_R2_001.fastq.gz
229-F01_S61	229	229-F01_S61_R1_001.fastq.gz	229-F01_S61_R2_001.fastq.gz
23-2389_S11	23	23-2389_S11_R1_001.fastq.gz	23-2389_S11_R2_001.fastq.gz
23-2478_S11	23	23-2478_S11_R1_001.fastq.gz	23-2478_S11_R2_001.fastq.gz
23-A11-2537_S11	23	23-A11-2537_S11_R1_001.fastq.gz	23-A11-2537_S11_R2_001.fastq.gz
23-A11_S11	23	23-A11_S11_R1_001.fastq.gz	23-A11_S11_R2_001.fastq.gz
230-2389_S62	230	230-2389_S62_R1_001.fastq.gz	230-2389_S62_R2_001.fastq.gz
230-2478_S62	230	230-2478_S62_R1_001.fastq.gz	230-2478_S62_R2_001.fastq.gz
230-F02-2537_S62	230	230-F02-2537_S62_R1_001.fastq.gz	230-F02-2537_S62_R2_001.fastq.gz
230-F02_S62	230	230-F02_S62_R1_001.fastq.gz	230-F02_S62_R2_001.fastq.gz
231-2383_S57	231	231-2383_S57_R1_001.fastq.gz	231-2383_S57_R2_001.fastq.gz
231-2536_S57	231	231-2536_S57_R1_001.fastq.gz	231-2536_S57_R2_001.fastq.gz
231-2543_S56	231	231-2543_S56_R1_001.fastq.gz	231-2543_S56_R2_001.fastq.gz
231-2607_S56	231	231-2607_S56_R1_001.fastq.gz	231-2607_S56_R2_001.fastq.gz
232-2068-2_S62	232	232-2068-2_S62_R1_001.fastq.gz	232-2068-2_S62_R2_001.fastq.gz
232-2068-3_S61	232	232-2068-3_S61_R1_001.fastq.gz	232-2068-3_S61_R2_001.fastq.gz
232-2068_S62	232	232-2068_S62_R1_001.fastq.gz	232-2068_S62_R2_001.fastq.gz
232-F08_S67	232	232-F08_S67_R1_001.fastq.gz	232-F08_S67_R2_001.fastq.gz
233-2383_S58	233	233-2383_S58_R1_001.fastq.gz	233-2383_S58_R2_001.fastq.gz
233-2536_S58	233	233-2536_S58_R1_001.fastq.gz	233-2536_S58_R2_001.fastq.gz
233-2543_S57	233	233-2543_S57_R1_001.fastq.gz	233-2543_S57_R2_001.fastq.gz
233-2607_S57	233	233-2607_S57_R1_001.fastq.gz	233-2607_S57_R2_001.fastq.gz
235-2068-2_S70	235	235-2068-2_S70_R1_001.fastq.gz	235-2068-2_S70_R2_001.fastq.gz
235-2068-3_S69	235	235-2068-3_S69_R1_001.fastq.gz	235-2068-3_S69_R2_001.fastq.gz
235-2068_S70	235	235-2068_S70_R1_001.fastq.gz	235-2068_S70_R2_001.fastq.gz
235-F09_S68	235	235-F09_S68_R1_001.fastq.gz	235-F09_S68_R2_001.fastq.gz
236-2068-2_S78	236	236-2068-2_S78_R1_001.fastq.gz	236-2068-2_S78_R2_001.fastq.gz
236-2068-3_S77	236	236-2068-3_S77_R1_001.fastq.gz	236-2068-3_S77_R2_001.fastq.gz
236-2068_S78	236	236-2068_S78_R1_001.fastq.gz	236-2068_S78_R2_001.fastq.gz
236-F10_S69	236	236-F10_S69_R1_001.fastq.gz	236-F10_S69_R2_001.fastq.gz
237-2068-2_S86	237	237-2068-2_S86_R1_001.fastq.gz	237-2068-2_S86_R2_001.fastq.gz
237-2068-3_S85	237	237-2068-3_S85_R1_001.fastq.gz	237-2068-3_S85_R2_001.fastq.gz
237-2068_S86	237	237-2068_S86_R1_001.fastq.gz	237-2068_S86_R2_001.fastq.gz
237-F11_S70	237	237-F11_S70_R1_001.fastq.gz	237-F11_S70_R2_001.fastq.gz
239-2389_S63	239	239-2389_S63_R1_001.fastq.gz	239-2389_S63_R2_001.fastq.gz
239-2478_S63	239	239-2478_S63_R1_001.fastq.gz	239-2478_S63_R2_001.fastq.gz
239-F03-2537_S63	239	239-F03-2537_S63_R1_001.fastq.gz	239-F03-2537_S63_R2_001.fastq.gz
239-F03_S63	239	239-F03_S63_R1_001.fastq.gz	239-F03_S63_R2_001.fastq.gz
24-2383_S5	24	24-2383_S5_R1_001.fastq.gz	24-2383_S5_R2_001.fastq.gz
24-2536_S5	24	24-2536_S5_R1_001.fastq.gz	24-2536_S5_R2_001.fastq.gz
24-2543_S5	24	24-2543_S5_R1_001.fastq.gz	24-2543_S5_R2_001.fastq.gz
24-2607_S5	24	24-2607_S5_R1_001.fastq.gz	24-2607_S5_R2_001.fastq.gz
241-2383_S59	241	241-2383_S59_R1_001.fastq.gz	241-2383_S59_R2_001.fastq.gz
241-2536_S59	241	241-2536_S59_R1_001.fastq.gz	241-2536_S59_R2_001.fastq.gz
241-2543_S58	241	241-2543_S58_R1_001.fastq.gz	241-2543_S58_R2_001.fastq.gz
241-2607_S58	241	241-2607_S58_R1_001.fastq.gz	241-2607_S58_R2_001.fastq.gz
243-2389_S64	243	243-2389_S64_R1_001.fastq.gz	243-2389_S64_R2_001.fastq.gz
243-2478_S64	243	243-2478_S64_R1_001.fastq.gz	243-2478_S64_R2_001.fastq.gz
243-F04-2537_S64	243	243-F04-2537_S64_R1_001.fastq.gz	243-F04-2537_S64_R2_001.fastq.gz
243-F04_S64	243	243-F04_S64_R1_001.fastq.gz	243-F04_S64_R2_001.fastq.gz
244-2389_S65	244	244-2389_S65_R1_001.fastq.gz	244-2389_S65_R2_001.fastq.gz
244-2478_S65	244	244-2478_S65_R1_001.fastq.gz	244-2478_S65_R2_001.fastq.gz
244-F05-2537_S65	244	244-F05-2537_S65_R1_001.fastq.gz	244-F05-2537_S65_R2_001.fastq.gz
244-F05_S65	244	244-F05_S65_R1_001.fastq.gz	244-F05_S65_R2_001.fastq.gz
245-2389_S66	245	245-2389_S66_R1_001.fastq.gz	245-2389_S66_R2_001.fastq.gz
245-2478_S66	245	245-2478_S66_R1_001.fastq.gz	245-2478_S66_R2_001.fastq.gz
245-F06-2537_S66	245	245-F06-2537_S66_R1_001.fastq.gz	245-F06-2537_S66_R2_001.fastq.gz
245-F06_S66	245	245-F06_S66_R1_001.fastq.gz	245-F06_S66_R2_001.fastq.gz
246-2389_S67	246	246-2389_S67_R1_001.fastq.gz	246-2389_S67_R2_001.fastq.gz
246-2478_S67	246	246-2478_S67_R1_001.fastq.gz	246-2478_S67_R2_001.fastq.gz
246-F07-2537_S67	246	246-F07-2537_S67_R1_001.fastq.gz	246-F07-2537_S67_R2_001.fastq.gz
246-F07_S67	246	246-F07_S67_R1_001.fastq.gz	246-F07_S67_R2_001.fastq.gz
247-2389_S68	247	247-2389_S68_R1_001.fastq.gz	247-2389_S68_R2_001.fastq.gz
247-2478_S68	247	247-2478_S68_R1_001.fastq.gz	247-2478_S68_R2_001.fastq.gz
247-F08-2537_S68	247	247-F08-2537_S68_R1_001.fastq.gz	247-F08-2537_S68_R2_001.fastq.gz
247-F08_S68	247	247-F08_S68_R1_001.fastq.gz	247-F08_S68_R2_001.fastq.gz
248-2383_S60	248	248-2383_S60_R1_001.fastq.gz	248-2383_S60_R2_001.fastq.gz
248-2536_S60	248	248-2536_S60_R1_001.fastq.gz	248-2536_S60_R2_001.fastq.gz
248-2543_S59	248	248-2543_S59_R1_001.fastq.gz	248-2543_S59_R2_001.fastq.gz
248-2607_S59	248	248-2607_S59_R1_001.fastq.gz	248-2607_S59_R2_001.fastq.gz
25-2389_S12	25	25-2389_S12_R1_001.fastq.gz	25-2389_S12_R2_001.fastq.gz
25-2478_S12	25	25-2478_S12_R1_001.fastq.gz	25-2478_S12_R2_001.fastq.gz
25-A12-2537_S12	25	25-A12-2537_S12_R1_001.fastq.gz	25-A12-2537_S12_R2_001.fastq.gz
25-A12_S12	25	25-A12_S12_R1_001.fastq.gz	25-A12_S12_R2_001.fastq.gz
250-2383_S61	250	250-2383_S61_R1_001.fastq.gz	250-2383_S61_R2_001.fastq.gz
250-2536_S61	250	250-2536_S61_R1_001.fastq.gz	250-2536_S61_R2_001.fastq.gz
250-2543_S60	250	250-2543_S60_R1_001.fastq.gz	250-2543_S60_R2_001.fastq.gz
250-2607_S60	250	250-2607_S60_R1_001.fastq.gz	250-2607_S60_R2_001.fastq.gz
251-2383_S62	251	251-2383_S62_R1_001.fastq.gz	251-2383_S62_R2_001.fastq.gz
251-2536_S62	251	251-2536_S62_R1_001.fastq.gz	251-2536_S62_R2_001.fastq.gz
251-2543_S61	251	251-2543_S61_R1_001.fastq.gz	251-2543_S61_R2_001.fastq.gz
251-2607_S61	251	251-2607_S61_R1_001.fastq.gz	251-2607_S61_R2_001.fastq.gz
252-2068-2_S94	252	252-2068-2_S94_R1_001.fastq.gz	252-2068-2_S94_R2_001.fastq.gz
252-2068-3_S93	252	252-2068-3_S93_R1_001.fastq.gz	252-2068-3_S93_R2_001.fastq.gz
252-2068_S94	252	252-2068_S94_R1_001.fastq.gz	252-2068_S94_R2_001.fastq.gz
252-F12_S71	252	252-F12_S71_R1_001.fastq.gz	252-F12_S71_R2_001.fastq.gz
253-2389_S69	253	253-2389_S69_R1_001.fastq.gz	253-2389_S69_R2_001.fastq.gz
253-2478_S69	253	253-2478_S69_R1_001.fastq.gz	253-2478_S69_R2_001.fastq.gz
253-F09-2537_S69	253	253-F09-2537_S69_R1_001.fastq.gz	253-F09-2537_S69_R2_001.fastq.gz
253-F09_S69	253	253-F09_S69_R1_001.fastq.gz	253-F09_S69_R2_001.fastq.gz
254-2383_S63	254	254-2383_S63_R1_001.fastq.gz	254-2383_S63_R2_001.fastq.gz
254-2536_S63	254	254-2536_S63_R1_001.fastq.gz	254-2536_S63_R2_001.fastq.gz
254-2543_S62	254	254-2543_S62_R1_001.fastq.gz	254-2543_S62_R2_001.fastq.gz
254-2607_S62	254	254-2607_S62_R1_001.fastq.gz	254-2607_S62_R2_001.fastq.gz
255-2383_S64	255	255-2383_S64_R1_001.fastq.gz	255-2383_S64_R2_001.fastq.gz
255-2536_S64	255	255-2536_S64_R1_001.fastq.gz	255-2536_S64_R2_001.fastq.gz
255-2543_S63	255	255-2543_S63_R1_001.fastq.gz	255-2543_S63_R2_001.fastq.gz
255-2607_S63	255	255-2607_S63_R1_001.fastq.gz	255-2607_S63_R2_001.fastq.gz
256-2389_S70	256	256-2389_S70_R1_001.fastq.gz	256-2389_S70_R2_001.fastq.gz
256-2478_S70	256	256-2478_S70_R1_001.fastq.gz	256-2478_S70_R2_001.fastq.gz
256-F10-2537_S70	256	256-F10-2537_S70_R1_001.fastq.gz	256-F10-2537_S70_R2_001.fastq.gz
256-F10_S70	256	256-F10_S70_R1_001.fastq.gz	256-F10_S70_R2_001.fastq.gz
258-2068-2_S7	258	258-2068-2_S7_R1_001.fastq.gz	258-2068-2_S7_R2_001.fastq.gz
258-2068-3_S7	258	258-2068-3_S7_R1_001.fastq.gz	258-2068-3_S7_R2_001.fastq.gz
258-2068_S7	258	258-2068_S7_R1_001.fastq.gz	258-2068_S7_R2_001.fastq.gz
258-G01_S72	258	258-G01_S72_R1_001.fastq.gz	258-G01_S72_R2_001.fastq.gz
259-2383_S65	259	259-2383_S65_R1_001.fastq.gz	259-2383_S65_R2_001.fastq.gz
259-2536_S65	259	259-2536_S65_R1_001.fastq.gz	259-2536_S65_R2_001.fastq.gz
259-2543_S64	259	259-2543_S64_R1_001.fastq.gz	259-2543_S64_R2_001.fastq.gz
260-2068-2_S15	260	260-2068-2_S15_R1_001.fastq.gz	260-2068-2_S15_R2_001.fastq.gz
260-2068-3_S15	260	260-2068-3_S15_R1_001.fastq.gz	260-2068-3_S15_R2_001.fastq.gz
260-2068_S15	260	260-2068_S15_R1_001.fastq.gz	260-2068_S15_R2_001.fastq.gz
260-G02_S73	260	260-G02_S73_R1_001.fastq.gz	260-G02_S73_R2_001.fastq.gz
261-2383_S66	261	261-2383_S66_R1_001.fastq.gz	261-2383_S66_R2_001.fastq.gz
261-2536_S66	261	261-2536_S66_R1_001.fastq.gz	261-2536_S66_R2_001.fastq.gz
261-2543_S65	261	261-2543_S65_R1_001.fastq.gz	261-2543_S65_R2_001.fastq.gz
261-2607_S64	261	261-2607_S64_R1_001.fastq.gz	261-2607_S64_R2_001.fastq.gz
262-2389_S71	262	262-2389_S71_R1_001.fastq.gz	262-2389_S71_R2_001.fastq.gz
262-2478_S71	262	262-2478_S71_R1_001.fastq.gz	262-2478_S71_R2_001.fastq.gz
262-F11-2537_S71	262	262-F11-2537_S71_R1_001.fastq.gz	262-F11-2537_S71_R2_001.fastq.gz
262-F11_S71	262	262-F11_S71_R1_001.fastq.gz	262-F11_S71_R2_001.fastq.gz
264-2383_S67	264	264-2383_S67_R1_001.fastq.gz	264-2383_S67_R2_001.fastq.gz
264-2536_S67	264	264-2536_S67_R1_001.fastq.gz	264-2536_S67_R2_001.fastq.gz
264-2543_S66	264	264-2543_S66_R1_001.fastq.gz	264-2543_S66_R2_001.fastq.gz
264-2607_S65	264	264-2607_S65_R1_001.fastq.gz	264-2607_S65_R2_001.fastq.gz
265-2383_S68	265	265-2383_S68_R1_001.fastq.gz	265-2383_S68_R2_001.fastq.gz
265-2536_S68	265	265-2536_S68_R1_001.fastq.gz	265-2536_S68_R2_001.fastq.gz
265-2543_S67	265	265-2543_S67_R1_001.fastq.gz	265-2543_S67_R2_001.fastq.gz
265-2607_S66	265	265-2607_S66_R1_001.fastq.gz	265-2607_S66_R2_001.fastq.gz
266-2383_S69	266	266-2383_S69_R1_001.fastq.gz	266-2383_S69_R2_001.fastq.gz
266-2536_S69	266	266-2536_S69_R1_001.fastq.gz	266-2536_S69_R2_001.fastq.gz
266-2543_S68	266	266-2543_S68_R1_001.fastq.gz	266-2543_S68_R2_001.fastq.gz
266-2607_S67	266	266-2607_S67_R1_001.fastq.gz	266-2607_S67_R2_001.fastq.gz
267-2389_S72	267	267-2389_S72_R1_001.fastq.gz	267-2389_S72_R2_001.fastq.gz
267-2478_S72	267	267-2478_S72_R1_001.fastq.gz	267-2478_S72_R2_001.fastq.gz
267-F12-2537_S72	267	267-F12-2537_S72_R1_001.fastq.gz	267-F12-2537_S72_R2_001.fastq.gz
267-F12_S72	267	267-F12_S72_R1_001.fastq.gz	267-F12_S72_R2_001.fastq.gz
269-2068-2_S23	269	269-2068-2_S23_R1_001.fastq.gz	269-2068-2_S23_R2_001.fastq.gz
269-2068-3_S23	269	269-2068-3_S23_R1_001.fastq.gz	269-2068-3_S23_R2_001.fastq.gz
269-2068_S23	269	269-2068_S23_R1_001.fastq.gz	269-2068_S23_R2_001.fastq.gz
269-G03_S74	269	269-G03_S74_R1_001.fastq.gz	269-G03_S74_R2_001.fastq.gz
27-2389_S13	27	27-2389_S13_R1_001.fastq.gz	27-2389_S13_R2_001.fastq.gz
27-2478_S13	27	27-2478_S13_R1_001.fastq.gz	27-2478_S13_R2_001.fastq.gz
27-B01-2537_S13	27	27-B01-2537_S13_R1_001.fastq.gz	27-B01-2537_S13_R2_001.fastq.gz
27-B01_S13	27	27-B01_S13_R1_001.fastq.gz	27-B01_S13_R2_001.fastq.gz
270-2068-2_S31	270	270-2068-2_S31_R1_001.fastq.gz	270-2068-2_S31_R2_001.fastq.gz
270-2068-3_S30	270	270-2068-3_S30_R1_001.fastq.gz	270-2068-3_S30_R2_001.fastq.gz
270-2068_S31	270	270-2068_S31_R1_001.fastq.gz	270-2068_S31_R2_001.fastq.gz
270-G04_S75	270	270-G04_S75_R1_001.fastq.gz	270-G04_S75_R2_001.fastq.gz
272-2383_S70	272	272-2383_S70_R1_001.fastq.gz	272-2383_S70_R2_001.fastq.gz
272-2536_S70	272	272-2536_S70_R1_001.fastq.gz	272-2536_S70_R2_001.fastq.gz
272-2543_S69	272	272-2543_S69_R1_001.fastq.gz	272-2543_S69_R2_001.fastq.gz
272-2607_S68	272	272-2607_S68_R1_001.fastq.gz	272-2607_S68_R2_001.fastq.gz
273-2389_S73	273	273-2389_S73_R1_001.fastq.gz	273-2389_S73_R2_001.fastq.gz
273-2478_S73	273	273-2478_S73_R1_001.fastq.gz	273-2478_S73_R2_001.fastq.gz
273-G01-2537_S73	273	273-G01-2537_S73_R1_001.fastq.gz	273-G01-2537_S73_R2_001.fastq.gz
273-G01_S73	273	273-G01_S73_R1_001.fastq.gz	273-G01_S73_R2_001.fastq.gz
275-2383_S71	275	275-2383_S71_R1_001.fastq.gz	275-2383_S71_R2_001.fastq.gz
275-2536_S71	275	275-2536_S71_R1_001.fastq.gz	275-2536_S71_R2_001.fastq.gz
275-2543_S70	275	275-2543_S70_R1_001.fastq.gz	275-2543_S70_R2_001.fastq.gz
275-2607_S69	275	275-2607_S69_R1_001.fastq.gz	275-2607_S69_R2_001.fastq.gz
276-2383_S72	276	276-2383_S72_R1_001.fastq.gz	276-2383_S72_R2_001.fastq.gz
276-2536_S72	276	276-2536_S72_R1_001.fastq.gz	276-2536_S72_R2_001.fastq.gz
276-2543_S71	276	276-2543_S71_R1_001.fastq.gz	276-2543_S71_R2_001.fastq.gz
276-2607_S70	276	276-2607_S70_R1_001.fastq.gz	276-2607_S70_R2_001.fastq.gz
277-2068-2_S39	277	277-2068-2_S39_R1_001.fastq.gz	277-2068-2_S39_R2_001.fastq.gz
277-2068-3_S38	277	277-2068-3_S38_R1_001.fastq.gz	277-2068-3_S38_R2_001.fastq.gz
277-2068_S39	277	277-2068_S39_R1_001.fastq.gz	277-2068_S39_R2_001.fastq.gz
277-G05_S76	277	277-G05_S76_R1_001.fastq.gz	277-G05_S76_R2_001.fastq.gz
278-2383_S73	278	278-2383_S73_R1_001.fastq.gz	278-2383_S73_R2_001.fastq.gz
278-2536_S73	278	278-2536_S73_R1_001.fastq.gz	278-2536_S73_R2_001.fastq.gz
278-2543_S72	278	278-2543_S72_R1_001.fastq.gz	278-2543_S72_R2_001.fastq.gz
278-2607_S71	278	278-2607_S71_R1_001.fastq.gz	278-2607_S71_R2_001.fastq.gz
28-2389_S14	28	28-2389_S14_R1_001.fastq.gz	28-2389_S14_R2_001.fastq.gz
28-2478_S14	28	28-2478_S14_R1_001.fastq.gz	28-2478_S14_R2_001.fastq.gz
28-B02-2537_S14	28	28-B02-2537_S14_R1_001.fastq.gz	28-B02-2537_S14_R2_001.fastq.gz
28-B02_S14	28	28-B02_S14_R1_001.fastq.gz	28-B02_S14_R2_001.fastq.gz
280-2068-2_S47	280	280-2068-2_S47_R1_001.fastq.gz	280-2068-2_S47_R2_001.fastq.gz
280-2068-3_S46	280	280-2068-3_S46_R1_001.fastq.gz	280-2068-3_S46_R2_001.fastq.gz
280-2068_S47	280	280-2068_S47_R1_001.fastq.gz	280-2068_S47_R2_001.fastq.gz
280-G06_S77	280	280-G06_S77_R1_001.fastq.gz	280-G06_S77_R2_001.fastq.gz
281-2389_S74	281	281-2389_S74_R1_001.fastq.gz	281-2389_S74_R2_001.fastq.gz
281-2478_S74	281	281-2478_S74_R1_001.fastq.gz	281-2478_S74_R2_001.fastq.gz
281-G02-2537_S74	281	281-G02-2537_S74_R1_001.fastq.gz	281-G02-2537_S74_R2_001.fastq.gz
281-G02_S74	281	281-G02_S74_R1_001.fastq.gz	281-G02_S74_R2_001.fastq.gz
282-2383_S74	282	282-2383_S74_R1_001.fastq.gz	282-2383_S74_R2_001.fastq.gz
282-2536_S74	282	282-2536_S74_R1_001.fastq.gz	282-2536_S74_R2_001.fastq.gz
282-2543_S73	282	282-2543_S73_R1_001.fastq.gz	282-2543_S73_R2_001.fastq.gz
282-2607_S72	282	282-2607_S72_R1_001.fastq.gz	282-2607_S72_R2_001.fastq.gz
283-2068-2_S55	283	283-2068-2_S55_R1_001.fastq.gz	283-2068-2_S55_R2_001.fastq.gz
283-2068-3_S54	283	283-2068-3_S54_R1_001.fastq.gz	283-2068-3_S54_R2_001.fastq.gz
283-2068_S55	283	283-2068_S55_R1_001.fastq.gz	283-2068_S55_R2_001.fastq.gz
283-G07_S78	283	283-G07_S78_R1_001.fastq.gz	283-G07_S78_R2_001.fastq.gz
284-2389_S75	284	284-2389_S75_R1_001.fastq.gz	284-2389_S75_R2_001.fastq.gz
284-2478_S75	284	284-2478_S75_R1_001.fastq.gz	284-2478_S75_R2_001.fastq.gz
284-G03-2537_S75	284	284-G03-2537_S75_R1_001.fastq.gz	284-G03-2537_S75_R2_001.fastq.gz
284-G03_S75	284	284-G03_S75_R1_001.fastq.gz	284-G03_S75_R2_001.fastq.gz
285-2068-2_S63	285	285-2068-2_S63_R1_001.fastq.gz	285-2068-2_S63_R2_001.fastq.gz
285-2068-3_S62	285	285-2068-3_S62_R1_001.fastq.gz	285-2068-3_S62_R2_001.fastq.gz
285-2068_S63	285	285-2068_S63_R1_001.fastq.gz	285-2068_S63_R2_001.fastq.gz
285-G08_S79	285	285-G08_S79_R1_001.fastq.gz	285-G08_S79_R2_001.fastq.gz
286-2389_S76	286	286-2389_S76_R1_001.fastq.gz	286-2389_S76_R2_001.fastq.gz
286-2478_S76	286	286-2478_S76_R1_001.fastq.gz	286-2478_S76_R2_001.fastq.gz
286-G04-2537_S76	286	286-G04-2537_S76_R1_001.fastq.gz	286-G04-2537_S76_R2_001.fastq.gz
286-G04_S76	286	286-G04_S76_R1_001.fastq.gz	286-G04_S76_R2_001.fastq.gz
287-2068-2_S71	287	287-2068-2_S71_R1_001.fastq.gz	287-2068-2_S71_R2_001.fastq.gz
287-2068-3_S70	287	287-2068-3_S70_R1_001.fastq.gz	287-2068-3_S70_R2_001.fastq.gz
287-2068_S71	287	287-2068_S71_R1_001.fastq.gz	287-2068_S71_R2_001.fastq.gz
287-G09_S80	287	287-G09_S80_R1_001.fastq.gz	287-G09_S80_R2_001.fastq.gz
288-2383_S75	288	288-2383_S75_R1_001.fastq.gz	288-2383_S75_R2_001.fastq.gz
288-2536_S75	288	288-2536_S75_R1_001.fastq.gz	288-2536_S75_R2_001.fastq.gz
288-2543_S74	288	288-2543_S74_R1_001.fastq.gz	288-2543_S74_R2_001.fastq.gz
288-2607_S73	288	288-2607_S73_R1_001.fastq.gz	288-2607_S73_R2_001.fastq.gz
289-2068-2_S79	289	289-2068-2_S79_R1_001.fastq.gz	289-2068-2_S79_R2_001.fastq.gz
289-2068-3_S78	289	289-2068-3_S78_R1_001.fastq.gz	289-2068-3_S78_R2_001.fastq.gz
289-2068_S79	289	289-2068_S79_R1_001.fastq.gz	289-2068_S79_R2_001.fastq.gz
289-G10_S81	289	289-G10_S81_R1_001.fastq.gz	289-G10_S81_R2_001.fastq.gz
290-2383_S76	290	290-2383_S76_R1_001.fastq.gz	290-2383_S76_R2_001.fastq.gz
290-2536_S76	290	290-2536_S76_R1_001.fastq.gz	290-2536_S76_R2_001.fastq.gz
290-2543_S75	290	290-2543_S75_R1_001.fastq.gz	290-2543_S75_R2_001.fastq.gz
290-2607_S74	290	290-2607_S74_R1_001.fastq.gz	290-2607_S74_R2_001.fastq.gz
291-2383_S77	291	291-2383_S77_R1_001.fastq.gz	291-2383_S77_R2_001.fastq.gz
291-2536_S77	291	291-2536_S77_R1_001.fastq.gz	291-2536_S77_R2_001.fastq.gz
291-2543_S76	291	291-2543_S76_R1_001.fastq.gz	291-2543_S76_R2_001.fastq.gz
291-2607_S75	291	291-2607_S75_R1_001.fastq.gz	291-2607_S75_R2_001.fastq.gz
293-2389_S77	293	293-2389_S77_R1_001.fastq.gz	293-2389_S77_R2_001.fastq.gz
293-2478_S77	293	293-2478_S77_R1_001.fastq.gz	293-2478_S77_R2_001.fastq.gz
293-G05-2537_S77	293	293-G05-2537_S77_R1_001.fastq.gz	293-G05-2537_S77_R2_001.fastq.gz
293-G05_S77	293	293-G05_S77_R1_001.fastq.gz	293-G05_S77_R2_001.fastq.gz
294-2389_S78	294	294-2389_S78_R1_001.fastq.gz	294-2389_S78_R2_001.fastq.gz
294-2478_S78	294	294-2478_S78_R1_001.fastq.gz	294-2478_S78_R2_001.fastq.gz
294-G06-2537_S78	294	294-G06-2537_S78_R1_001.fastq.gz	294-G06-2537_S78_R2_001.fastq.gz
294-G06_S78	294	294-G06_S78_R1_001.fastq.gz	294-G06_S78_R2_001.fastq.gz
295-2068-2_S87	295	295-2068-2_S87_R1_001.fastq.gz	295-2068-2_S87_R2_001.fastq.gz
295-2068-3_S86	295	295-2068-3_S86_R1_001.fastq.gz	295-2068-3_S86_R2_001.fastq.gz
295-2068_S87	295	295-2068_S87_R1_001.fastq.gz	295-2068_S87_R2_001.fastq.gz
295-G11_S82	295	295-G11_S82_R1_001.fastq.gz	295-G11_S82_R2_001.fastq.gz
296-2068-2_S95	296	296-2068-2_S95_R1_001.fastq.gz	296-2068-2_S95_R2_001.fastq.gz
296-2068-3_S94	296	296-2068-3_S94_R1_001.fastq.gz	296-2068-3_S94_R2_001.fastq.gz
296-2068_S95	296	296-2068_S95_R1_001.fastq.gz	296-2068_S95_R2_001.fastq.gz
296-G12_S83	296	296-G12_S83_R1_001.fastq.gz	296-G12_S83_R2_001.fastq.gz
297-2068-2_S8	297	297-2068-2_S8_R1_001.fastq.gz	297-2068-2_S8_R2_001.fastq.gz
297-2068-3_S8	297	297-2068-3_S8_R1_001.fastq.gz	297-2068-3_S8_R2_001.fastq.gz
297-2068_S8	297	297-2068_S8_R1_001.fastq.gz	297-2068_S8_R2_001.fastq.gz
297-H01_S84	297	297-H01_S84_R1_001.fastq.gz	297-H01_S84_R2_001.fastq.gz
298-2389_S79	298	298-2389_S79_R1_001.fastq.gz	298-2389_S79_R2_001.fastq.gz
298-2478_S79	298	298-2478_S79_R1_001.fastq.gz	298-2478_S79_R2_001.fastq.gz
298-G07-2537_S79	298	298-G07-2537_S79_R1_001.fastq.gz	298-G07-2537_S79_R2_001.fastq.gz
298-G07_S79	298	298-G07_S79_R1_001.fastq.gz	298-G07_S79_R2_001.fastq.gz
299-2068-2_S16	299	299-2068-2_S16_R1_001.fastq.gz	299-2068-2_S16_R2_001.fastq.gz
299-2068-3_S16	299	299-2068-3_S16_R1_001.fastq.gz	299-2068-3_S16_R2_001.fastq.gz
299-2068_S16	299	299-2068_S16_R1_001.fastq.gz	299-2068_S16_R2_001.fastq.gz
299-H02_S85	299	299-H02_S85_R1_001.fastq.gz	299-H02_S85_R2_001.fastq.gz
3-2383_S1	3	3-2383_S1_R1_001.fastq.gz	3-2383_S1_R2_001.fastq.gz
3-2536_S1	3	3-2536_S1_R1_001.fastq.gz	3-2536_S1_R2_001.fastq.gz
3-2543_S1	3	3-2543_S1_R1_001.fastq.gz	3-2543_S1_R2_001.fastq.gz
3-2607_S1	3	3-2607_S1_R1_001.fastq.gz	3-2607_S1_R2_001.fastq.gz
30-2068-2_S57	30	30-2068-2_S57_R1_001.fastq.gz	30-2068-2_S57_R2_001.fastq.gz
30-2068-3_S56	30	30-2068-3_S56_R1_001.fastq.gz	30-2068-3_S56_R2_001.fastq.gz
30-2068_S57	30	30-2068_S57_R1_001.fastq.gz	30-2068_S57_R2_001.fastq.gz
30-A08_S8	30	30-A08_S8_R1_001.fastq.gz	30-A08_S8_R2_001.fastq.gz
300-2068-2_S24	300	300-2068-2_S24_R1_001.fastq.gz	300-2068-2_S24_R2_001.fastq.gz
300-2068-3_S24	300	300-2068-3_S24_R1_001.fastq.gz	300-2068-3_S24_R2_001.fastq.gz
300-2068_S24	300	300-2068_S24_R1_001.fastq.gz	300-2068_S24_R2_001.fastq.gz
300-H03_S86	300	300-H03_S86_R1_001.fastq.gz	300-H03_S86_R2_001.fastq.gz
301-2068-2_S32	301	301-2068-2_S32_R1_001.fastq.gz	301-2068-2_S32_R2_001.fastq.gz
301-2068-3_S31	301	301-2068-3_S31_R1_001.fastq.gz	301-2068-3_S31_R2_001.fastq.gz
301-2068_S32	301	301-2068_S32_R1_001.fastq.gz	301-2068_S32_R2_001.fastq.gz
301-H04_S87	301	301-H04_S87_R1_001.fastq.gz	301-H04_S87_R2_001.fastq.gz
302-2389_S80	302	302-2389_S80_R1_001.fastq.gz	302-2389_S80_R2_001.fastq.gz
302-2478_S80	302	302-2478_S80_R1_001.fastq.gz	302-2478_S80_R2_001.fastq.gz
302-G08-2537_S80	302	302-G08-2537_S80_R1_001.fastq.gz	302-G08-2537_S80_R2_001.fastq.gz
302-G08_S80	302	302-G08_S80_R1_001.fastq.gz	302-G08_S80_R2_001.fastq.gz
304-2068-2_S40	304	304-2068-2_S40_R1_001.fastq.gz	304-2068-2_S40_R2_001.fastq.gz
304-2068-3_S39	304	304-2068-3_S39_R1_001.fastq.gz	304-2068-3_S39_R2_001.fastq.gz
304-2068_S40	304	304-2068_S40_R1_001.fastq.gz	304-2068_S40_R2_001.fastq.gz
304-H05_S88	304	304-H05_S88_R1_001.fastq.gz	304-H05_S88_R2_001.fastq.gz
307-2383_S78	307	307-2383_S78_R1_001.fastq.gz	307-2383_S78_R2_001.fastq.gz
307-2536_S78	307	307-2536_S78_R1_001.fastq.gz	307-2536_S78_R2_001.fastq.gz
307-2543_S77	307	307-2543_S77_R1_001.fastq.gz	307-2543_S77_R2_001.fastq.gz
307-2607_S76	307	307-2607_S76_R1_001.fastq.gz	307-2607_S76_R2_001.fastq.gz
308-2389_S81	308	308-2389_S81_R1_001.fastq.gz	308-2389_S81_R2_001.fastq.gz
308-2478_S81	308	308-2478_S81_R1_001.fastq.gz	308-2478_S81_R2_001.fastq.gz
308-G09-2537_S81	308	308-G09-2537_S81_R1_001.fastq.gz	308-G09-2537_S81_R2_001.fastq.gz
308-G09_S81	308	308-G09_S81_R1_001.fastq.gz	308-G09_S81_R2_001.fastq.gz
309-2068-2_S48	309	309-2068-2_S48_R1_001.fastq.gz	309-2068-2_S48_R2_001.fastq.gz
309-2068-3_S47	309	309-2068-3_S47_R1_001.fastq.gz	309-2068-3_S47_R2_001.fastq.gz
309-2068_S48	309	309-2068_S48_R1_001.fastq.gz	309-2068_S48_R2_001.fastq.gz
309-H06_S89	309	309-H06_S89_R1_001.fastq.gz	309-H06_S89_R2_001.fastq.gz
31-2383_S6	31	31-2383_S6_R1_001.fastq.gz	31-2383_S6_R2_001.fastq.gz
31-2536_S6	31	31-2536_S6_R1_001.fastq.gz	31-2536_S6_R2_001.fastq.gz
31-2543_S6	31	31-2543_S6_R1_001.fastq.gz	31-2543_S6_R2_001.fastq.gz
31-2607_S6	31	31-2607_S6_R1_001.fastq.gz	31-2607_S6_R2_001.fastq.gz
310-2389_S82	310	310-2389_S82_R1_001.fastq.gz	310-2389_S82_R2_001.fastq.gz
310-2478_S82	310	310-2478_S82_R1_001.fastq.gz	310-2478_S82_R2_001.fastq.gz
310-G10-2537_S82	310	310-G10-2537_S82_R1_001.fastq.gz	310-G10-2537_S82_R2_001.fastq.gz
310-G10_S82	310	310-G10_S82_R1_001.fastq.gz	310-G10_S82_R2_001.fastq.gz
311-2068-2_S56	311	311-2068-2_S56_R1_001.fastq.gz	311-2068-2_S56_R2_001.fastq.gz
311-2068-3_S55	311	311-2068-3_S55_R1_001.fastq.gz	311-2068-3_S55_R2_001.fastq.gz
311-2068_S56	311	311-2068_S56_R1_001.fastq.gz	311-2068_S56_R2_001.fastq.gz
311-H07_S90	311	311-H07_S90_R1_001.fastq.gz	311-H07_S90_R2_001.fastq.gz
312-2383_S79	312	312-2383_S79_R1_001.fastq.gz	312-2383_S79_R2_001.fastq.gz
312-2536_S79	312	312-2536_S79_R1_001.fastq.gz	312-2536_S79_R2_001.fastq.gz
312-2543_S78	312	312-2543_S78_R1_001.fastq.gz	312-2543_S78_R2_001.fastq.gz
312-2607_S77	312	312-2607_S77_R1_001.fastq.gz	312-2607_S77_R2_001.fastq.gz
313-2389_S83	313	313-2389_S83_R1_001.fastq.gz	313-2389_S83_R2_001.fastq.gz
313-2478_S83	313	313-2478_S83_R1_001.fastq.gz	313-2478_S83_R2_001.fastq.gz
313-G11-2537_S83	313	313-G11-2537_S83_R1_001.fastq.gz	313-G11-2537_S83_R2_001.fastq.gz
313-G11_S83	313	313-G11_S83_R1_001.fastq.gz	313-G11_S83_R2_001.fastq.gz
314-2068-2_S64	314	314-2068-2_S64_R1_001.fastq.gz	314-2068-2_S64_R2_001.fastq.gz
314-2068-3_S63	314	314-2068-3_S63_R1_001.fastq.gz	314-2068-3_S63_R2_001.fastq.gz
314-2068_S64	314	314-2068_S64_R1_001.fastq.gz	314-2068_S64_R2_001.fastq.gz
314-H08_S91	314	314-H08_S91_R1_001.fastq.gz	314-H08_S91_R2_001.fastq.gz
316-2389_S84	316	316-2389_S84_R1_001.fastq.gz	316-2389_S84_R2_001.fastq.gz
316-2478_S84	316	316-2478_S84_R1_001.fastq.gz	316-2478_S84_R2_001.fastq.gz
316-G12-2537_S84	316	316-G12-2537_S84_R1_001.fastq.gz	316-G12-2537_S84_R2_001.fastq.gz
316-G12_S84	316	316-G12_S84_R1_001.fastq.gz	316-G12_S84_R2_001.fastq.gz
317-2389_S85	317	317-2389_S85_R1_001.fastq.gz	317-2389_S85_R2_001.fastq.gz
317-2478_S85	317	317-2478_S85_R1_001.fastq.gz	317-2478_S85_R2_001.fastq.gz
317-H01-2537_S85	317	317-H01-2537_S85_R1_001.fastq.gz	317-H01-2537_S85_R2_001.fastq.gz
317-H01_S85	317	317-H01_S85_R1_001.fastq.gz	317-H01_S85_R2_001.fastq.gz
318-2383_S80	318	318-2383_S80_R1_001.fastq.gz	318-2383_S80_R2_001.fastq.gz
318-2536_S80	318	318-2536_S80_R1_001.fastq.gz	318-2536_S80_R2_001.fastq.gz
318-2543_S79	318	318-2543_S79_R1_001.fastq.gz	318-2543_S79_R2_001.fastq.gz
318-2607_S78	318	318-2607_S78_R1_001.fastq.gz	318-2607_S78_R2_001.fastq.gz
319-2383_S81	319	319-2383_S81_R1_001.fastq.gz	319-2383_S81_R2_001.fastq.gz
319-2536_S81	319	319-2536_S81_R1_001.fastq.gz	319-2536_S81_R2_001.fastq.gz
319-2543_S80	319	319-2543_S80_R1_001.fastq.gz	319-2543_S80_R2_001.fastq.gz
319-2607_S79	319	319-2607_S79_R1_001.fastq.gz	319-2607_S79_R2_001.fastq.gz
32-2068-2_S65	32	32-2068-2_S65_R1_001.fastq.gz	32-2068-2_S65_R2_001.fastq.gz
32-2068-3_S64	32	32-2068-3_S64_R1_001.fastq.gz	32-2068-3_S64_R2_001.fastq.gz
32-2068_S65	32	32-2068_S65_R1_001.fastq.gz	32-2068_S65_R2_001.fastq.gz
32-A09_S9	32	32-A09_S9_R1_001.fastq.gz	32-A09_S9_R2_001.fastq.gz
322-2389_S86	322	322-2389_S86_R1_001.fastq.gz	322-2389_S86_R2_001.fastq.gz
322-2478_S86	322	322-2478_S86_R1_001.fastq.gz	322-2478_S86_R2_001.fastq.gz
322-H02-2537_S86	322	322-H02-2537_S86_R1_001.fastq.gz	322-H02-2537_S86_R2_001.fastq.gz
322-H02_S86	322	322-H02_S86_R1_001.fastq.gz	322-H02_S86_R2_001.fastq.gz
323-2389_S87	323	323-2389_S87_R1_001.fastq.gz	323-2389_S87_R2_001.fastq.gz
323-2478_S87	323	323-2478_S87_R1_001.fastq.gz	323-2478_S87_R2_001.fastq.gz
323-H03-2537_S87	323	323-H03-2537_S87_R1_001.fastq.gz	323-H03-2537_S87_R2_001.fastq.gz
323-H03_S87	323	323-H03_S87_R1_001.fastq.gz	323-H03_S87_R2_001.fastq.gz
324-2389_S88	324	324-2389_S88_R1_001.fastq.gz	324-2389_S88_R2_001.fastq.gz
324-2478_S88	324	324-2478_S88_R1_001.fastq.gz	324-2478_S88_R2_001.fastq.gz
324-H04-2537_S88	324	324-H04-2537_S88_R1_001.fastq.gz	324-H04-2537_S88_R2_001.fastq.gz
324-H04_S88	324	324-H04_S88_R1_001.fastq.gz	324-H04_S88_R2_001.fastq.gz
325-2068-2_S72	325	325-2068-2_S72_R1_001.fastq.gz	325-2068-2_S72_R2_001.fastq.gz
325-2068-3_S71	325	325-2068-3_S71_R1_001.fastq.gz	325-2068-3_S71_R2_001.fastq.gz
325-2068_S72	325	325-2068_S72_R1_001.fastq.gz	325-2068_S72_R2_001.fastq.gz
325-H09_S92	325	325-H09_S92_R1_001.fastq.gz	325-H09_S92_R2_001.fastq.gz
326-2389_S89	326	326-2389_S89_R1_001.fastq.gz	326-2389_S89_R2_001.fastq.gz
326-2478_S89	326	326-2478_S89_R1_001.fastq.gz	326-2478_S89_R2_001.fastq.gz
326-H05-2537_S89	326	326-H05-2537_S89_R1_001.fastq.gz	326-H05-2537_S89_R2_001.fastq.gz
326-H05_S89	326	326-H05_S89_R1_001.fastq.gz	326-H05_S89_R2_001.fastq.gz
327-2389_S90	327	327-2389_S90_R1_001.fastq.gz	327-2389_S90_R2_001.fastq.gz
327-2478_S90	327	327-2478_S90_R1_001.fastq.gz	327-2478_S90_R2_001.fastq.gz
327-H06-2537_S90	327	327-H06-2537_S90_R1_001.fastq.gz	327-H06-2537_S90_R2_001.fastq.gz
327-H06_S90	327	327-H06_S90_R1_001.fastq.gz	327-H06_S90_R2_001.fastq.gz
328-2383_S82	328	328-2383_S82_R1_001.fastq.gz	328-2383_S82_R2_001.fastq.gz
328-2536_S82	328	328-2536_S82_R1_001.fastq.gz	328-2536_S82_R2_001.fastq.gz
328-2543_S81	328	328-2543_S81_R1_001.fastq.gz	328-2543_S81_R2_001.fastq.gz
328-2607_S80	328	328-2607_S80_R1_001.fastq.gz	328-2607_S80_R2_001.fastq.gz
329-2068-2_S80	329	329-2068-2_S80_R1_001.fastq.gz	329-2068-2_S80_R2_001.fastq.gz
329-2068-3_S79	329	329-2068-3_S79_R1_001.fastq.gz	329-2068-3_S79_R2_001.fastq.gz
329-2068_S80	329	329-2068_S80_R1_001.fastq.gz	329-2068_S80_R2_001.fastq.gz
329-H10_S93	329	329-H10_S93_R1_001.fastq.gz	329-H10_S93_R2_001.fastq.gz
33-2389_S15	33	33-2389_S15_R1_001.fastq.gz	33-2389_S15_R2_001.fastq.gz
33-2478_S15	33	33-2478_S15_R1_001.fastq.gz	33-2478_S15_R2_001.fastq.gz
33-B03-2537_S15	33	33-B03-2537_S15_R1_001.fastq.gz	33-B03-2537_S15_R2_001.fastq.gz
33-B03_S15	33	33-B03_S15_R1_001.fastq.gz	33-B03_S15_R2_001.fastq.gz
330-2068-2_S88	330	330-2068-2_S88_R1_001.fastq.gz	330-2068-2_S88_R2_001.fastq.gz
330-2068-3_S87	330	330-2068-3_S87_R1_001.fastq.gz	330-2068-3_S87_R2_001.fastq.gz
330-2068_S88	330	330-2068_S88_R1_001.fastq.gz	330-2068_S88_R2_001.fastq.gz
330-H11_S94	330	330-H11_S94_R1_001.fastq.gz	330-H11_S94_R2_001.fastq.gz
331-2383_S83	331	331-2383_S83_R1_001.fastq.gz	331-2383_S83_R2_001.fastq.gz
331-2536_S83	331	331-2536_S83_R1_001.fastq.gz	331-2536_S83_R2_001.fastq.gz
331-2543_S82	331	331-2543_S82_R1_001.fastq.gz	331-2543_S82_R2_001.fastq.gz
331-2607_S81	331	331-2607_S81_R1_001.fastq.gz	331-2607_S81_R2_001.fastq.gz
332-2389_S91	332	332-2389_S91_R1_001.fastq.gz	332-2389_S91_R2_001.fastq.gz
332-2478_S91	332	332-2478_S91_R1_001.fastq.gz	332-2478_S91_R2_001.fastq.gz
332-H07-2537_S91	332	332-H07-2537_S91_R1_001.fastq.gz	332-H07-2537_S91_R2_001.fastq.gz
332-H07_S91	332	332-H07_S91_R1_001.fastq.gz	332-H07_S91_R2_001.fastq.gz
333-2383_S84	333	333-2383_S84_R1_001.fastq.gz	333-2383_S84_R2_001.fastq.gz
333-2536_S84	333	333-2536_S84_R1_001.fastq.gz	333-2536_S84_R2_001.fastq.gz
333-2543_S83	333	333-2543_S83_R1_001.fastq.gz	333-2543_S83_R2_001.fastq.gz
333-2607_S82	333	333-2607_S82_R1_001.fastq.gz	333-2607_S82_R2_001.fastq.gz
335-2389_S92	335	335-2389_S92_R1_001.fastq.gz	335-2389_S92_R2_001.fastq.gz
335-2478_S92	335	335-2478_S92_R1_001.fastq.gz	335-2478_S92_R2_001.fastq.gz
335-H08-2537_S92	335	335-H08-2537_S92_R1_001.fastq.gz	335-H08-2537_S92_R2_001.fastq.gz
335-H08_S92	335	335-H08_S92_R1_001.fastq.gz	335-H08_S92_R2_001.fastq.gz
336-2383_S85	336	336-2383_S85_R1_001.fastq.gz	336-2383_S85_R2_001.fastq.gz
336-2536_S85	336	336-2536_S85_R1_001.fastq.gz	336-2536_S85_R2_001.fastq.gz
336-2543_S84	336	336-2543_S84_R1_001.fastq.gz	336-2543_S84_R2_001.fastq.gz
336-2607_S83	336	336-2607_S83_R1_001.fastq.gz	336-2607_S83_R2_001.fastq.gz
337-2383_S86	337	337-2383_S86_R1_001.fastq.gz	337-2383_S86_R2_001.fastq.gz
337-2536_S86	337	337-2536_S86_R1_001.fastq.gz	337-2536_S86_R2_001.fastq.gz
337-2543_S85	337	337-2543_S85_R1_001.fastq.gz	337-2543_S85_R2_001.fastq.gz
337-2607_S84	337	337-2607_S84_R1_001.fastq.gz	337-2607_S84_R2_001.fastq.gz
338-2383_S87	338	338-2383_S87_R1_001.fastq.gz	338-2383_S87_R2_001.fastq.gz
338-2536_S87	338	338-2536_S87_R1_001.fastq.gz	338-2536_S87_R2_001.fastq.gz
338-2543_S86	338	338-2543_S86_R1_001.fastq.gz	338-2543_S86_R2_001.fastq.gz
338-2607_S85	338	338-2607_S85_R1_001.fastq.gz	338-2607_S85_R2_001.fastq.gz
339-2389_S93	339	339-2389_S93_R1_001.fastq.gz	339-2389_S93_R2_001.fastq.gz
339-2478_S93	339	339-2478_S93_R1_001.fastq.gz	339-2478_S93_R2_001.fastq.gz
339-H09-2537_S93	339	339-H09-2537_S93_R1_001.fastq.gz	339-H09-2537_S93_R2_001.fastq.gz
339-H09_S93	339	339-H09_S93_R1_001.fastq.gz	339-H09_S93_R2_001.fastq.gz
34-2068-2_S73	34	34-2068-2_S73_R1_001.fastq.gz	34-2068-2_S73_R2_001.fastq.gz
34-2068-3_S72	34	34-2068-3_S72_R1_001.fastq.gz	34-2068-3_S72_R2_001.fastq.gz
34-2068_S73	34	34-2068_S73_R1_001.fastq.gz	34-2068_S73_R2_001.fastq.gz
34-A10_S10	34	34-A10_S10_R1_001.fastq.gz	34-A10_S10_R2_001.fastq.gz
340-2389_S94	340	340-2389_S94_R1_001.fastq.gz	340-2389_S94_R2_001.fastq.gz
340-2478_S94	340	340-2478_S94_R1_001.fastq.gz	340-2478_S94_R2_001.fastq.gz
340-H10-2537_S94	340	340-H10-2537_S94_R1_001.fastq.gz	340-H10-2537_S94_R2_001.fastq.gz
340-H10_S94	340	340-H10_S94_R1_001.fastq.gz	340-H10_S94_R2_001.fastq.gz
342-2383_S88	342	342-2383_S88_R1_001.fastq.gz	342-2383_S88_R2_001.fastq.gz
342-2536_S88	342	342-2536_S88_R1_001.fastq.gz	342-2536_S88_R2_001.fastq.gz
342-2543_S87	342	342-2543_S87_R1_001.fastq.gz	342-2543_S87_R2_001.fastq.gz
342-2607_S86	342	342-2607_S86_R1_001.fastq.gz	342-2607_S86_R2_001.fastq.gz
343-2383_S89	343	343-2383_S89_R1_001.fastq.gz	343-2383_S89_R2_001.fastq.gz
343-2536_S89	343	343-2536_S89_R1_001.fastq.gz	343-2536_S89_R2_001.fastq.gz
343-2543_S88	343	343-2543_S88_R1_001.fastq.gz	343-2543_S88_R2_001.fastq.gz
343-2607_S87	343	343-2607_S87_R1_001.fastq.gz	343-2607_S87_R2_001.fastq.gz
344-2068-2_S96	344	344-2068-2_S96_R1_001.fastq.gz	344-2068-2_S96_R2_001.fastq.gz
344-2068-3_S95	344	344-2068-3_S95_R1_001.fastq.gz	344-2068-3_S95_R2_001.fastq.gz
344-2068_S96	344	344-2068_S96_R1_001.fastq.gz	344-2068_S96_R2_001.fastq.gz
344-H12_S95	344	344-H12_S95_R1_001.fastq.gz	344-H12_S95_R2_001.fastq.gz
345-2389_S95	345	345-2389_S95_R1_001.fastq.gz	345-2389_S95_R2_001.fastq.gz
345-2478_S95	345	345-2478_S95_R1_001.fastq.gz	345-2478_S95_R2_001.fastq.gz
345-H11-2537_S95	345	345-H11-2537_S95_R1_001.fastq.gz	345-H11-2537_S95_R2_001.fastq.gz
345-H11_S95	345	345-H11_S95_R1_001.fastq.gz	345-H11_S95_R2_001.fastq.gz
346-2383_S90	346	346-2383_S90_R1_001.fastq.gz	346-2383_S90_R2_001.fastq.gz
346-2536_S90	346	346-2536_S90_R1_001.fastq.gz	346-2536_S90_R2_001.fastq.gz
346-2543_S89	346	346-2543_S89_R1_001.fastq.gz	346-2543_S89_R2_001.fastq.gz
346-2607_S88	346	346-2607_S88_R1_001.fastq.gz	346-2607_S88_R2_001.fastq.gz
349-2383_S91	349	349-2383_S91_R1_001.fastq.gz	349-2383_S91_R2_001.fastq.gz
349-2536_S91	349	349-2536_S91_R1_001.fastq.gz	349-2536_S91_R2_001.fastq.gz
349-2543_S90	349	349-2543_S90_R1_001.fastq.gz	349-2543_S90_R2_001.fastq.gz
349-2607_S89	349	349-2607_S89_R1_001.fastq.gz	349-2607_S89_R2_001.fastq.gz
35-2389_S16	35	35-2389_S16_R1_001.fastq.gz	35-2389_S16_R2_001.fastq.gz
35-2478_S16	35	35-2478_S16_R1_001.fastq.gz	35-2478_S16_R2_001.fastq.gz
35-B04-2537_S16	35	35-B04-2537_S16_R1_001.fastq.gz	35-B04-2537_S16_R2_001.fastq.gz
35-B04_S16	35	35-B04_S16_R1_001.fastq.gz	35-B04_S16_R2_001.fastq.gz
350-2389_S96	350	350-2389_S96_R1_001.fastq.gz	350-2389_S96_R2_001.fastq.gz
350-2478_S96	350	350-2478_S96_R1_001.fastq.gz	350-2478_S96_R2_001.fastq.gz
350-H12-2537_S96	350	350-H12-2537_S96_R1_001.fastq.gz	350-H12-2537_S96_R2_001.fastq.gz
350-H12_S96	350	350-H12_S96_R1_001.fastq.gz	350-H12_S96_R2_001.fastq.gz
351-2383_S92	351	351-2383_S92_R1_001.fastq.gz	351-2383_S92_R2_001.fastq.gz
351-2536_S92	351	351-2536_S92_R1_001.fastq.gz	351-2536_S92_R2_001.fastq.gz
351-2543_S91	351	351-2543_S91_R1_001.fastq.gz	351-2543_S91_R2_001.fastq.gz
351-2607_S90	351	351-2607_S90_R1_001.fastq.gz	351-2607_S90_R2_001.fastq.gz
352-2383_S93	352	352-2383_S93_R1_001.fastq.gz	352-2383_S93_R2_001.fastq.gz
352-2536_S93	352	352-2536_S93_R1_001.fastq.gz	352-2536_S93_R2_001.fastq.gz
352-2543_S92	352	352-2543_S92_R1_001.fastq.gz	352-2543_S92_R2_001.fastq.gz
352-2607_S91	352	352-2607_S91_R1_001.fastq.gz	352-2607_S91_R2_001.fastq.gz
355-2383_S94	355	355-2383_S94_R1_001.fastq.gz	355-2383_S94_R2_001.fastq.gz
355-2536_S94	355	355-2536_S94_R1_001.fastq.gz	355-2536_S94_R2_001.fastq.gz
355-2543_S93	355	355-2543_S93_R1_001.fastq.gz	355-2543_S93_R2_001.fastq.gz
355-2607_S92	355	355-2607_S92_R1_001.fastq.gz	355-2607_S92_R2_001.fastq.gz
36-2389_S17	36	36-2389_S17_R1_001.fastq.gz	36-2389_S17_R2_001.fastq.gz
36-2478_S17	36	36-2478_S17_R1_001.fastq.gz	36-2478_S17_R2_001.fastq.gz
36-B05-2537_S17	36	36-B05-2537_S17_R1_001.fastq.gz	36-B05-2537_S17_R2_001.fastq.gz
36-B05_S17	36	36-B05_S17_R1_001.fastq.gz	36-B05_S17_R2_001.fastq.gz
37-2383_S7	37	37-2383_S7_R1_001.fastq.gz	37-2383_S7_R2_001.fastq.gz
37-2536_S7	37	37-2536_S7_R1_001.fastq.gz	37-2536_S7_R2_001.fastq.gz
39-2389_S18	39	39-2389_S18_R1_001.fastq.gz	39-2389_S18_R2_001.fastq.gz
39-2478_S18	39	39-2478_S18_R1_001.fastq.gz	39-2478_S18_R2_001.fastq.gz
39-B06-2537_S18	39	39-B06-2537_S18_R1_001.fastq.gz	39-B06-2537_S18_R2_001.fastq.gz
39-B06_S18	39	39-B06_S18_R1_001.fastq.gz	39-B06_S18_R2_001.fastq.gz
4-2389_S2	4	4-2389_S2_R1_001.fastq.gz	4-2389_S2_R2_001.fastq.gz
4-2478_S2	4	4-2478_S2_R1_001.fastq.gz	4-2478_S2_R2_001.fastq.gz
4-A02-2537_S2	4	4-A02-2537_S2_R1_001.fastq.gz	4-A02-2537_S2_R2_001.fastq.gz
4-A02_S2	4	4-A02_S2_R1_001.fastq.gz	4-A02_S2_R2_001.fastq.gz
40-2383_S8	40	40-2383_S8_R1_001.fastq.gz	40-2383_S8_R2_001.fastq.gz
40-2536_S8	40	40-2536_S8_R1_001.fastq.gz	40-2536_S8_R2_001.fastq.gz
40-2543_S7	40	40-2543_S7_R1_001.fastq.gz	40-2543_S7_R2_001.fastq.gz
40-2607_S7	40	40-2607_S7_R1_001.fastq.gz	40-2607_S7_R2_001.fastq.gz
41-2389_S19	41	41-2389_S19_R1_001.fastq.gz	41-2389_S19_R2_001.fastq.gz
41-2478_S19	41	41-2478_S19_R1_001.fastq.gz	41-2478_S19_R2_001.fastq.gz
41-B07-2537_S19	41	41-B07-2537_S19_R1_001.fastq.gz	41-B07-2537_S19_R2_001.fastq.gz
41-B07_S19	41	41-B07_S19_R1_001.fastq.gz	41-B07_S19_R2_001.fastq.gz
42-2383_S9	42	42-2383_S9_R1_001.fastq.gz	42-2383_S9_R2_001.fastq.gz
42-2536_S9	42	42-2536_S9_R1_001.fastq.gz	42-2536_S9_R2_001.fastq.gz
42-2543_S8	42	42-2543_S8_R1_001.fastq.gz	42-2543_S8_R2_001.fastq.gz
42-2607_S8	42	42-2607_S8_R1_001.fastq.gz	42-2607_S8_R2_001.fastq.gz
43-2068-2_S81	43	43-2068-2_S81_R1_001.fastq.gz	43-2068-2_S81_R2_001.fastq.gz
43-2068-3_S80	43	43-2068-3_S80_R1_001.fastq.gz	43-2068-3_S80_R2_001.fastq.gz
43-2068_S81	43	43-2068_S81_R1_001.fastq.gz	43-2068_S81_R2_001.fastq.gz
43-A11_S11	43	43-A11_S11_R1_001.fastq.gz	43-A11_S11_R2_001.fastq.gz
44-2068-2_S89	44	44-2068-2_S89_R1_001.fastq.gz	44-2068-2_S89_R2_001.fastq.gz
44-2068-3_S88	44	44-2068-3_S88_R1_001.fastq.gz	44-2068-3_S88_R2_001.fastq.gz
44-2068_S89	44	44-2068_S89_R1_001.fastq.gz	44-2068_S89_R2_001.fastq.gz
44-A12_S12	44	44-A12_S12_R1_001.fastq.gz	44-A12_S12_R2_001.fastq.gz
45-2383_S10	45	45-2383_S10_R1_001.fastq.gz	45-2383_S10_R2_001.fastq.gz
45-2536_S10	45	45-2536_S10_R1_001.fastq.gz	45-2536_S10_R2_001.fastq.gz
45-2543_S9	45	45-2543_S9_R1_001.fastq.gz	45-2543_S9_R2_001.fastq.gz
45-2607_S9	45	45-2607_S9_R1_001.fastq.gz	45-2607_S9_R2_001.fastq.gz
46-2389_S20	46	46-2389_S20_R1_001.fastq.gz	46-2389_S20_R2_001.fastq.gz
46-2478_S20	46	46-2478_S20_R1_001.fastq.gz	46-2478_S20_R2_001.fastq.gz
46-B08-2537_S20	46	46-B08-2537_S20_R1_001.fastq.gz	46-B08-2537_S20_R2_001.fastq.gz
46-B08_S20	46	46-B08_S20_R1_001.fastq.gz	46-B08_S20_R2_001.fastq.gz
47-2389_S21	47	47-2389_S21_R1_001.fastq.gz	47-2389_S21_R2_001.fastq.gz
47-2478_S21	47	47-2478_S21_R1_001.fastq.gz	47-2478_S21_R2_001.fastq.gz
47-B09-2537_S21	47	47-B09-2537_S21_R1_001.fastq.gz	47-B09-2537_S21_R2_001.fastq.gz
47-B09_S21	47	47-B09_S21_R1_001.fastq.gz	47-B09_S21_R2_001.fastq.gz
49-2389_S22	49	49-2389_S22_R1_001.fastq.gz	49-2389_S22_R2_001.fastq.gz
49-2478_S22	49	49-2478_S22_R1_001.fastq.gz	49-2478_S22_R2_001.fastq.gz
49-B10-2537_S22	49	49-B10-2537_S22_R1_001.fastq.gz	49-B10-2537_S22_R2_001.fastq.gz
49-B10_S22	49	49-B10_S22_R1_001.fastq.gz	49-B10_S22_R2_001.fastq.gz
5-2068-2_S9	5	5-2068-2_S9_R1_001.fastq.gz	5-2068-2_S9_R2_001.fastq.gz
5-2068-3_S9	5	5-2068-3_S9_R1_001.fastq.gz	5-2068-3_S9_R2_001.fastq.gz
5-2068_S9	5	5-2068_S9_R1_001.fastq.gz	5-2068_S9_R2_001.fastq.gz
5-A02_S2	5	5-A02_S2_R1_001.fastq.gz	5-A02_S2_R2_001.fastq.gz
50-2389_S23	50	50-2389_S23_R1_001.fastq.gz	50-2389_S23_R2_001.fastq.gz
50-2478_S23	50	50-2478_S23_R1_001.fastq.gz	50-2478_S23_R2_001.fastq.gz
50-B11-2537_S23	50	50-B11-2537_S23_R1_001.fastq.gz	50-B11-2537_S23_R2_001.fastq.gz
50-B11_S23	50	50-B11_S23_R1_001.fastq.gz	50-B11_S23_R2_001.fastq.gz
51-2383_S11	51	51-2383_S11_R1_001.fastq.gz	51-2383_S11_R2_001.fastq.gz
51-2536_S11	51	51-2536_S11_R1_001.fastq.gz	51-2536_S11_R2_001.fastq.gz
51-2543_S10	51	51-2543_S10_R1_001.fastq.gz	51-2543_S10_R2_001.fastq.gz
51-2607_S10	51	51-2607_S10_R1_001.fastq.gz	51-2607_S10_R2_001.fastq.gz
52-2068-2_S2	52	52-2068-2_S2_R1_001.fastq.gz	52-2068-2_S2_R2_001.fastq.gz
52-2068-3_S2	52	52-2068-3_S2_R1_001.fastq.gz	52-2068-3_S2_R2_001.fastq.gz
52-2068_S2	52	52-2068_S2_R1_001.fastq.gz	52-2068_S2_R2_001.fastq.gz
52-B01_S13	52	52-B01_S13_R1_001.fastq.gz	52-B01_S13_R2_001.fastq.gz
54-2068-2_S10	54	54-2068-2_S10_R1_001.fastq.gz	54-2068-2_S10_R2_001.fastq.gz
54-2068-3_S10	54	54-2068-3_S10_R1_001.fastq.gz	54-2068-3_S10_R2_001.fastq.gz
54-2068_S10	54	54-2068_S10_R1_001.fastq.gz	54-2068_S10_R2_001.fastq.gz
54-B02_S14	54	54-B02_S14_R1_001.fastq.gz	54-B02_S14_R2_001.fastq.gz
55-2383_S12	55	55-2383_S12_R1_001.fastq.gz	55-2383_S12_R2_001.fastq.gz
55-2536_S12	55	55-2536_S12_R1_001.fastq.gz	55-2536_S12_R2_001.fastq.gz
55-2543_S11	55	55-2543_S11_R1_001.fastq.gz	55-2543_S11_R2_001.fastq.gz
55-2607_S11	55	55-2607_S11_R1_001.fastq.gz	55-2607_S11_R2_001.fastq.gz
56-2383_S13	56	56-2383_S13_R1_001.fastq.gz	56-2383_S13_R2_001.fastq.gz
56-2536_S13	56	56-2536_S13_R1_001.fastq.gz	56-2536_S13_R2_001.fastq.gz
56-2543_S12	56	56-2543_S12_R1_001.fastq.gz	56-2543_S12_R2_001.fastq.gz
56-2607_S12	56	56-2607_S12_R1_001.fastq.gz	56-2607_S12_R2_001.fastq.gz
57-2383_S14	57	57-2383_S14_R1_001.fastq.gz	57-2383_S14_R2_001.fastq.gz
57-2536_S14	57	57-2536_S14_R1_001.fastq.gz	57-2536_S14_R2_001.fastq.gz
57-2543_S13	57	57-2543_S13_R1_001.fastq.gz	57-2543_S13_R2_001.fastq.gz
57-2607_S13	57	57-2607_S13_R1_001.fastq.gz	57-2607_S13_R2_001.fastq.gz
6-2068-2_S17	6	6-2068-2_S17_R1_001.fastq.gz	6-2068-2_S17_R2_001.fastq.gz
6-2068-3_S17	6	6-2068-3_S17_R1_001.fastq.gz	6-2068-3_S17_R2_001.fastq.gz
6-2068_S17	6	6-2068_S17_R1_001.fastq.gz	6-2068_S17_R2_001.fastq.gz
6-A03_S3	6	6-A03_S3_R1_001.fastq.gz	6-A03_S3_R2_001.fastq.gz
60-2068-2_S18	60	60-2068-2_S18_R1_001.fastq.gz	60-2068-2_S18_R2_001.fastq.gz
60-2068-3_S18	60	60-2068-3_S18_R1_001.fastq.gz	60-2068-3_S18_R2_001.fastq.gz
60-2068_S18	60	60-2068_S18_R1_001.fastq.gz	60-2068_S18_R2_001.fastq.gz
60-B03_S15	60	60-B03_S15_R1_001.fastq.gz	60-B03_S15_R2_001.fastq.gz
62-2068-2_S26	62	62-2068-2_S26_R1_001.fastq.gz	62-2068-2_S26_R2_001.fastq.gz
62-2068-3_S26	62	62-2068-3_S26_R1_001.fastq.gz	62-2068-3_S26_R2_001.fastq.gz
62-2068_S26	62	62-2068_S26_R1_001.fastq.gz	62-2068_S26_R2_001.fastq.gz
62-B04_S16	62	62-B04_S16_R1_001.fastq.gz	62-B04_S16_R2_001.fastq.gz
63-2383_S15	63	63-2383_S15_R1_001.fastq.gz	63-2383_S15_R2_001.fastq.gz
63-2536_S15	63	63-2536_S15_R1_001.fastq.gz	63-2536_S15_R2_001.fastq.gz
63-2543_S14	63	63-2543_S14_R1_001.fastq.gz	63-2543_S14_R2_001.fastq.gz
63-2607_S14	63	63-2607_S14_R1_001.fastq.gz	63-2607_S14_R2_001.fastq.gz
64-2389_S24	64	64-2389_S24_R1_001.fastq.gz	64-2389_S24_R2_001.fastq.gz
64-2478_S24	64	64-2478_S24_R1_001.fastq.gz	64-2478_S24_R2_001.fastq.gz
64-B12-2537_S24	64	64-B12-2537_S24_R1_001.fastq.gz	64-B12-2537_S24_R2_001.fastq.gz
64-B12_S24	64	64-B12_S24_R1_001.fastq.gz	64-B12_S24_R2_001.fastq.gz
66-2389_S25	66	66-2389_S25_R1_001.fastq.gz	66-2389_S25_R2_001.fastq.gz
66-2478_S25	66	66-2478_S25_R1_001.fastq.gz	66-2478_S25_R2_001.fastq.gz
66-C01-2537_S25	66	66-C01-2537_S25_R1_001.fastq.gz	66-C01-2537_S25_R2_001.fastq.gz
66-C01_S25	66	66-C01_S25_R1_001.fastq.gz	66-C01_S25_R2_001.fastq.gz
67-2068-2_S34	67	67-2068-2_S34_R1_001.fastq.gz	67-2068-2_S34_R2_001.fastq.gz
67-2068-3_S33	67	67-2068-3_S33_R1_001.fastq.gz	67-2068-3_S33_R2_001.fastq.gz
67-2068_S34	67	67-2068_S34_R1_001.fastq.gz	67-2068_S34_R2_001.fastq.gz
67-B05_S17	67	67-B05_S17_R1_001.fastq.gz	67-B05_S17_R2_001.fastq.gz
68-2068-2_S42	68	68-2068-2_S42_R1_001.fastq.gz	68-2068-2_S42_R2_001.fastq.gz
68-2068-3_S41	68	68-2068-3_S41_R1_001.fastq.gz	68-2068-3_S41_R2_001.fastq.gz
68-2068_S42	68	68-2068_S42_R1_001.fastq.gz	68-2068_S42_R2_001.fastq.gz
68-B06_S18	68	68-B06_S18_R1_001.fastq.gz	68-B06_S18_R2_001.fastq.gz
69-2389_S26	69	69-2389_S26_R1_001.fastq.gz	69-2389_S26_R2_001.fastq.gz
69-2478_S26	69	69-2478_S26_R1_001.fastq.gz	69-2478_S26_R2_001.fastq.gz
69-C02-2537_S26	69	69-C02-2537_S26_R1_001.fastq.gz	69-C02-2537_S26_R2_001.fastq.gz
69-C02_S26	69	69-C02_S26_R1_001.fastq.gz	69-C02_S26_R2_001.fastq.gz
7-2068-2_S25	7	7-2068-2_S25_R1_001.fastq.gz	7-2068-2_S25_R2_001.fastq.gz
7-2068-3_S25	7	7-2068-3_S25_R1_001.fastq.gz	7-2068-3_S25_R2_001.fastq.gz
7-2068_S25	7	7-2068_S25_R1_001.fastq.gz	7-2068_S25_R2_001.fastq.gz
7-A04_S4	7	7-A04_S4_R1_001.fastq.gz	7-A04_S4_R2_001.fastq.gz
70-2068-2_S50	70	70-2068-2_S50_R1_001.fastq.gz	70-2068-2_S50_R2_001.fastq.gz
70-2068-3_S49	70	70-2068-3_S49_R1_001.fastq.gz	70-2068-3_S49_R2_001.fastq.gz
70-2068_S50	70	70-2068_S50_R1_001.fastq.gz	70-2068_S50_R2_001.fastq.gz
70-B07_S19	70	70-B07_S19_R1_001.fastq.gz	70-B07_S19_R2_001.fastq.gz
71-2068-2_S58	71	71-2068-2_S58_R1_001.fastq.gz	71-2068-2_S58_R2_001.fastq.gz
71-2068-3_S57	71	71-2068-3_S57_R1_001.fastq.gz	71-2068-3_S57_R2_001.fastq.gz
71-2068_S58	71	71-2068_S58_R1_001.fastq.gz	71-2068_S58_R2_001.fastq.gz
71-B08_S20	71	71-B08_S20_R1_001.fastq.gz	71-B08_S20_R2_001.fastq.gz
72-2068-2_S66	72	72-2068-2_S66_R1_001.fastq.gz	72-2068-2_S66_R2_001.fastq.gz
72-2068-3_S65	72	72-2068-3_S65_R1_001.fastq.gz	72-2068-3_S65_R2_001.fastq.gz
72-2068_S66	72	72-2068_S66_R1_001.fastq.gz	72-2068_S66_R2_001.fastq.gz
72-B09_S21	72	72-B09_S21_R1_001.fastq.gz	72-B09_S21_R2_001.fastq.gz
73-2068-2_S74	73	73-2068-2_S74_R1_001.fastq.gz	73-2068-2_S74_R2_001.fastq.gz
73-2068-3_S73	73	73-2068-3_S73_R1_001.fastq.gz	73-2068-3_S73_R2_001.fastq.gz
73-2068_S74	73	73-2068_S74_R1_001.fastq.gz	73-2068_S74_R2_001.fastq.gz
73-B10_S22	73	73-B10_S22_R1_001.fastq.gz	73-B10_S22_R2_001.fastq.gz
74-2389_S27	74	74-2389_S27_R1_001.fastq.gz	74-2389_S27_R2_001.fastq.gz
74-2478_S27	74	74-2478_S27_R1_001.fastq.gz	74-2478_S27_R2_001.fastq.gz
74-C03-2537_S27	74	74-C03-2537_S27_R1_001.fastq.gz	74-C03-2537_S27_R2_001.fastq.gz
74-C03_S27	74	74-C03_S27_R1_001.fastq.gz	74-C03_S27_R2_001.fastq.gz
75-2068-2_S82	75	75-2068-2_S82_R1_001.fastq.gz	75-2068-2_S82_R2_001.fastq.gz
75-2068-3_S81	75	75-2068-3_S81_R1_001.fastq.gz	75-2068-3_S81_R2_001.fastq.gz
75-2068_S82	75	75-2068_S82_R1_001.fastq.gz	75-2068_S82_R2_001.fastq.gz
75-B11_S23	75	75-B11_S23_R1_001.fastq.gz	75-B11_S23_R2_001.fastq.gz
77-2068-2_S90	77	77-2068-2_S90_R1_001.fastq.gz	77-2068-2_S90_R2_001.fastq.gz
77-2068-3_S89	77	77-2068-3_S89_R1_001.fastq.gz	77-2068-3_S89_R2_001.fastq.gz
77-2068_S90	77	77-2068_S90_R1_001.fastq.gz	77-2068_S90_R2_001.fastq.gz
77-B12_S24	77	77-B12_S24_R1_001.fastq.gz	77-B12_S24_R2_001.fastq.gz
8-2389_S3	8	8-2389_S3_R1_001.fastq.gz	8-2389_S3_R2_001.fastq.gz
8-2478_S3	8	8-2478_S3_R1_001.fastq.gz	8-2478_S3_R2_001.fastq.gz
8-A03-2537_S3	8	8-A03-2537_S3_R1_001.fastq.gz	8-A03-2537_S3_R2_001.fastq.gz
8-A03_S3	8	8-A03_S3_R1_001.fastq.gz	8-A03_S3_R2_001.fastq.gz
82-2389_S28	82	82-2389_S28_R1_001.fastq.gz	82-2389_S28_R2_001.fastq.gz
82-2478_S28	82	82-2478_S28_R1_001.fastq.gz	82-2478_S28_R2_001.fastq.gz
82-C04-2537_S28	82	82-C04-2537_S28_R1_001.fastq.gz	82-C04-2537_S28_R2_001.fastq.gz
82-C04_S28	82	82-C04_S28_R1_001.fastq.gz	82-C04_S28_R2_001.fastq.gz
83-2383_S16	83	83-2383_S16_R1_001.fastq.gz	83-2383_S16_R2_001.fastq.gz
83-2536_S16	83	83-2536_S16_R1_001.fastq.gz	83-2536_S16_R2_001.fastq.gz
83-2543_S15	83	83-2543_S15_R1_001.fastq.gz	83-2543_S15_R2_001.fastq.gz
83-2607_S15	83	83-2607_S15_R1_001.fastq.gz	83-2607_S15_R2_001.fastq.gz
84-2389_S29	84	84-2389_S29_R1_001.fastq.gz	84-2389_S29_R2_001.fastq.gz
84-2478_S29	84	84-2478_S29_R1_001.fastq.gz	84-2478_S29_R2_001.fastq.gz
84-C05-2537_S29	84	84-C05-2537_S29_R1_001.fastq.gz	84-C05-2537_S29_R2_001.fastq.gz
84-C05_S29	84	84-C05_S29_R1_001.fastq.gz	84-C05_S29_R2_001.fastq.gz
85-2068-2_S3	85	85-2068-2_S3_R1_001.fastq.gz	85-2068-2_S3_R2_001.fastq.gz
85-2068-3_S3	85	85-2068-3_S3_R1_001.fastq.gz	85-2068-3_S3_R2_001.fastq.gz
85-2068_S3	85	85-2068_S3_R1_001.fastq.gz	85-2068_S3_R2_001.fastq.gz
85-C01_S25	85	85-C01_S25_R1_001.fastq.gz	85-C01_S25_R2_001.fastq.gz
86-2389_S30	86	86-2389_S30_R1_001.fastq.gz	86-2389_S30_R2_001.fastq.gz
86-2478_S30	86	86-2478_S30_R1_001.fastq.gz	86-2478_S30_R2_001.fastq.gz
86-C06-2537_S30	86	86-C06-2537_S30_R1_001.fastq.gz	86-C06-2537_S30_R2_001.fastq.gz
86-C06_S30	86	86-C06_S30_R1_001.fastq.gz	86-C06_S30_R2_001.fastq.gz
87-2068-2_S11	87	87-2068-2_S11_R1_001.fastq.gz	87-2068-2_S11_R2_001.fastq.gz
87-2068-3_S11	87	87-2068-3_S11_R1_001.fastq.gz	87-2068-3_S11_R2_001.fastq.gz
87-2068_S11	87	87-2068_S11_R1_001.fastq.gz	87-2068_S11_R2_001.fastq.gz
87-C02_S26	87	87-C02_S26_R1_001.fastq.gz	87-C02_S26_R2_001.fastq.gz
88-2389_S31	88	88-2389_S31_R1_001.fastq.gz	88-2389_S31_R2_001.fastq.gz
88-2478_S31	88	88-2478_S31_R1_001.fastq.gz	88-2478_S31_R2_001.fastq.gz
88-C07-2537_S31	88	88-C07-2537_S31_R1_001.fastq.gz	88-C07-2537_S31_R2_001.fastq.gz
88-C07_S31	88	88-C07_S31_R1_001.fastq.gz	88-C07_S31_R2_001.fastq.gz
89-2383_S17	89	89-2383_S17_R1_001.fastq.gz	89-2383_S17_R2_001.fastq.gz
89-2536_S17	89	89-2536_S17_R1_001.fastq.gz	89-2536_S17_R2_001.fastq.gz
89-2543_S16	89	89-2543_S16_R1_001.fastq.gz	89-2543_S16_R2_001.fastq.gz
89-2607_S16	89	89-2607_S16_R1_001.fastq.gz	89-2607_S16_R2_001.fastq.gz
9-2068-2_S33	9	9-2068-2_S33_R1_001.fastq.gz	9-2068-2_S33_R2_001.fastq.gz
9-2068-3_S32	9	9-2068-3_S32_R1_001.fastq.gz	9-2068-3_S32_R2_001.fastq.gz
9-2068_S33	9	9-2068_S33_R1_001.fastq.gz	9-2068_S33_R2_001.fastq.gz
9-A05_S5	9	9-A05_S5_R1_001.fastq.gz	9-A05_S5_R2_001.fastq.gz
91-2068-2_S19	91	91-2068-2_S19_R1_001.fastq.gz	91-2068-2_S19_R2_001.fastq.gz
91-2068-3_S19	91	91-2068-3_S19_R1_001.fastq.gz	91-2068-3_S19_R2_001.fastq.gz
91-2068_S19	91	91-2068_S19_R1_001.fastq.gz	91-2068_S19_R2_001.fastq.gz
91-C03_S27	91	91-C03_S27_R1_001.fastq.gz	91-C03_S27_R2_001.fastq.gz
92-2068-2_S27	92	92-2068-2_S27_R1_001.fastq.gz	92-2068-2_S27_R2_001.fastq.gz
92-2068-3_S27	92	92-2068-3_S27_R1_001.fastq.gz	92-2068-3_S27_R2_001.fastq.gz
92-2068_S27	92	92-2068_S27_R1_001.fastq.gz	92-2068_S27_R2_001.fastq.gz
92-C04_S28	92	92-C04_S28_R1_001.fastq.gz	92-C04_S28_R2_001.fastq.gz
93-2383_S18	93	93-2383_S18_R1_001.fastq.gz	93-2383_S18_R2_001.fastq.gz
93-2536_S18	93	93-2536_S18_R1_001.fastq.gz	93-2536_S18_R2_001.fastq.gz
93-2543_S17	93	93-2543_S17_R1_001.fastq.gz	93-2543_S17_R2_001.fastq.gz
93-2607_S17	93	93-2607_S17_R1_001.fastq.gz	93-2607_S17_R2_001.fastq.gz
94-2068-2_S35	94	94-2068-2_S35_R1_001.fastq.gz	94-2068-2_S35_R2_001.fastq.gz
94-2068-3_S34	94	94-2068-3_S34_R1_001.fastq.gz	94-2068-3_S34_R2_001.fastq.gz
94-2068_S35	94	94-2068_S35_R1_001.fastq.gz	94-2068_S35_R2_001.fastq.gz
95-2389_S32	95	95-2389_S32_R1_001.fastq.gz	95-2389_S32_R2_001.fastq.gz
95-2478_S32	95	95-2478_S32_R1_001.fastq.gz	95-2478_S32_R2_001.fastq.gz
95-C08-2537_S32	95	95-C08-2537_S32_R1_001.fastq.gz	95-C08-2537_S32_R2_001.fastq.gz
95-C08_S32	95	95-C08_S32_R1_001.fastq.gz	95-C08_S32_R2_001.fastq.gz
96-2389_S33	96	96-2389_S33_R1_001.fastq.gz	96-2389_S33_R2_001.fastq.gz
96-2478_S33	96	96-2478_S33_R1_001.fastq.gz	96-2478_S33_R2_001.fastq.gz
96-C09-2537_S33	96	96-C09-2537_S33_R1_001.fastq.gz	96-C09-2537_S33_R2_001.fastq.gz
96-C09_S33	96	96-C09_S33_R1_001.fastq.gz	96-C09_S33_R2_001.fastq.gz
97-2383_S19	97	97-2383_S19_R1_001.fastq.gz	97-2383_S19_R2_001.fastq.gz
97-2536_S19	97	97-2536_S19_R1_001.fastq.gz	97-2536_S19_R2_001.fastq.gz
97-2543_S18	97	97-2543_S18_R1_001.fastq.gz	97-2543_S18_R2_001.fastq.gz
97-2607_S18	97	97-2607_S18_R1_001.fastq.gz	97-2607_S18_R2_001.fastq.gz
98-2383_S20	98	98-2383_S20_R1_001.fastq.gz	98-2383_S20_R2_001.fastq.gz
98-2536_S20	98	98-2536_S20_R1_001.fastq.gz	98-2536_S20_R2_001.fastq.gz
98-2543_S19	98	98-2543_S19_R1_001.fastq.gz	98-2543_S19_R2_001.fastq.gz
98-2607_S19	98	98-2607_S19_R1_001.fastq.gz	98-2607_S19_R2_001.fastq.gz
99-2389_S34	99	99-2389_S34_R1_001.fastq.gz	99-2389_S34_R2_001.fastq.gz
99-2478_S34	99	99-2478_S34_R1_001.fastq.gz	99-2478_S34_R2_001.fastq.gz
99-C10-2537_S34	99	99-C10-2537_S34_R1_001.fastq.gz	99-C10-2537_S34_R2_001.fastq.gz
99-C10_S34	99	99-C10_S34_R1_001.fastq.gz	99-C10_S34_R2_001.fastq.gz